CORA,GIN-GCN,0.3334672680060134 ,0.2926016299698721 ,0.8231160311603116 ,0.8230411831041792 ,0.821273746070794 ,0.8211837182631717 ,0.3278994123274566 ,0.28420532089906464 ,0.8592920595872625 ,0.8584607710886152 ,0.8585649856498565 ,0.857479570273366 ,0.33123411234112343 ,0.28912307012068944 ,0.8559833264999316 ,0.8560195988824416 ,0.858935356020227 ,0.8584373989025214 ,0.3415744157441575 ,0.29397937772377425 ,0.7418955856225229 ,0.7400129118329665 ,0.7381604482711493 ,0.7365416962218957 ,0.3290255569222359 ,0.2849905771741538 ,0.34195025283586167 ,0.3174404949805104 ,0.4080538472051387 ,0.38815609570612075 ,0.33122044553778873 ,0.28875088326010967 ,0.3563454967883012 ,0.3405507327497584 ,0.40582889162224955 ,0.3877729484376612 ,0.33678283449501156 ,0.2943804630012795 ,0.8552275522755227 ,0.8548292251872212 ,0.8581850485171518 ,0.8578228568634094 ,0.32901462347956817 ,0.28542338534848194 ,0.7632936996036628 ,0.7626143897464501 ,0.7684802514691814 ,0.7682603231320859 ,0.33270876042093755 ,0.2933871401009877 ,0.8552248189148559 ,0.8545078295994042 ,0.8604031706983737 ,0.8597885245473005 ,0.32940139401394014 ,0.28666976610783984 ,0.83013393467268 ,0.8299873037518124 ,0.825324586579199 ,0.8253304471239451 ,
chameleon,GIN-GCN,0.6368421052631579 ,0.6370876406488144 ,0.7549153721307673 ,0.7549943824239771 ,0.7571412010201716 ,0.7570051901961296 ,0.649113146301878 ,0.6491459192246892 ,0.7584338047762579 ,0.7585257128695705 ,0.7562775330396476 ,0.7560465213071097 ,0.6446981992425999 ,0.644499365939326 ,0.7461492387356057 ,0.7458979350858708 ,0.7465916995130998 ,0.7465829140275924 ,0.6407527629646804 ,0.6401506573074462 ,0.7430906561558079 ,0.7433251269067672 ,0.7501313857330552 ,0.7504459709317276 ,0.6587564726794961 ,0.6583986088184339 ,0.7602249014607002 ,0.7598825985747492 ,0.7509602751371822 ,0.7508469190215566 ,0.6464815673545096 ,0.647211894112149 ,0.7536073112296158 ,0.7537439706330351 ,0.7571508617358375 ,0.7562685189416041 ,0.6328502975500425 ,0.6334252083277363 ,0.7382718911816988 ,0.7388453671090602 ,0.7492329391761341 ,0.7490238736899254 ,0.6289048612721231 ,0.6295115263388157 ,0.7215588530798361 ,0.7204460487428721 ,0.7307848365406908 ,0.7309591923658267 ,0.6376941803848829 ,0.6376697347482546 ,0.7514239894891414 ,0.7508831487210766 ,0.7386563876651981 ,0.7378210617242971 ,0.6442576706082387 ,0.6438358277924919 ,0.7549192364170338 ,0.7548148200322329 ,0.7478958961279851 ,0.7474440834385834 ,
CiteSeer,GIN-GCN,0.25368229675458587 ,0.2362882143155665 ,0.7460020261225081 ,0.7411232106321763 ,0.733410217446362 ,0.7279779371301911 ,0.2452729838272007 ,0.22391576607341426 ,0.7523191866565361 ,0.7475845982922955 ,0.7511279351640796 ,0.7468707380242198 ,0.2521844133289916 ,0.23104160595185025 ,0.7396984333731321 ,0.7347715073700816 ,0.7382204493650277 ,0.7332215017081096 ,0.25067296211874524 ,0.22828179328737055 ,0.7448162017439126 ,0.7397981312775881 ,0.7475179999276385 ,0.7432746297336793 ,0.2446696696696697 ,0.2245018648139701 ,0.7403035565686169 ,0.7359709348693362 ,0.7375909041571692 ,0.7326455630077544 ,0.24767900430551038 ,0.2248094111600351 ,0.734301168638518 ,0.7286000256753369 ,0.737606280979775 ,0.732256308834903 ,0.24826422808350518 ,0.22449754736575542 ,0.7574460002170845 ,0.7531273773873426 ,0.7493243243243243 ,0.7442888839257579 ,0.24558142479829229 ,0.22474982085897258 ,0.7571339411700857 ,0.7525950333324244 ,0.7523182821375591 ,0.7479064128177239 ,0.24918321936394222 ,0.23067346537124944 ,0.732806903288831 ,0.7271092314930196 ,0.7273779803900285 ,0.7215678403185003 ,0.2548771663229495 ,0.23254572135382742 ,0.689199138897934 ,0.6828008526873448 ,0.6943368066862043 ,0.6885057272751652 ,
CORA,GIN-GIN,0.4882137488041547 ,0.4764502803618149 ,0.45863605302719695 ,0.4472908714847521 ,0.5210523438567718 ,0.511344198494735 ,0.4844676780101135 ,0.4719562404426284 ,0.4556416564165642 ,0.4443842247550222 ,0.531026376930436 ,0.5197290901903682 ,0.48116167828344947 ,0.4675487952307372 ,0.4534577012436792 ,0.4423449257150397 ,0.5225133251332513 ,0.5114504675739326 ,0.4763646303129698 ,0.46717560943586856 ,0.48447587809211423 ,0.4755500148040156 ,0.5347273472734728 ,0.526483002422561 ,0.5088629219625529 ,0.4973547699076451 ,0.6824190241902419 ,0.6816022275251277 ,0.7104660379937133 ,0.7100758016706459 ,0.490407270739374 ,0.4780572843881501 ,0.45271696050293847 ,0.4419293412328093 ,0.5214240809074758 ,0.5109004440047749 ,0.4937146371463714 ,0.4813130832927306 ,0.45717507175071753 ,0.44593976332615226 ,0.5295312286456197 ,0.5189084535015218 ,0.4770930709307094 ,0.46448810049313405 ,0.4383340166735 ,0.42705868168246697 ,0.5132950662839961 ,0.5022277649289474 ,0.48153478201448685 ,0.46888812199952074 ,0.46418340850075157 ,0.4518676430470765 ,0.511459614596146 ,0.5015650305756603 ,0.47637693043597107 ,0.4626256004329489 ,0.463437201038677 ,0.45123024617933166 ,0.5247328139948066 ,0.5142321883560157 ,
chameleon,GIN-GIN,0.7303443079063296 ,0.7298427980108914 ,0.7079005332715047 ,0.7079551268316846 ,0.7342994048999151 ,0.7351652431989877 ,0.7272200324600047 ,0.7268004970527189 ,0.7123541231934463 ,0.7124069237097912 ,0.7198218564031222 ,0.719898973438397 ,0.7308215472602211 ,0.7306766943684315 ,0.7035416183630885 ,0.7038756687443302 ,0.7320871010124429 ,0.7320433441260585 ,0.731673622381946 ,0.7317930492925606 ,0.7145509699358528 ,0.7140646530017383 ,0.7250347785763969 ,0.7249872509597555 ,0.7356403122343304 ,0.7354057921056159 ,0.7171709560244223 ,0.7176004643328657 ,0.7325044439292062 ,0.7316220540429326 ,0.7255062215008887 ,0.7241376337266716 ,0.708816369116624 ,0.709156132712183 ,0.7294400649200093 ,0.7293337767221115 ,0.7299057114151016 ,0.7294214360755436 ,0.7118730195532885 ,0.7122463443632384 ,0.7220013138573306 ,0.7217242064462586 ,0.7347225442460777 ,0.7348211083337441 ,0.7088125048303578 ,0.7091394097550249 ,0.7329816832830975 ,0.732763583109888 ,0.7268432645490378 ,0.7260975117333852 ,0.7219955174279311 ,0.722213044792408 ,0.7224321817760261 ,0.7229079232025569 ,0.7281378004482573 ,0.7282942451519211 ,0.7184654919236416 ,0.7177690655991908 ,0.7338878584125512 ,0.7346280620680526 ,
CiteSeer,GIN-GIN,0.39435941966062443 ,0.3853322637867325 ,0.5440464560946489 ,0.5379850398649064 ,0.5530518470277507 ,0.5450395026065716 ,0.3829136365280944 ,0.375058232741935 ,0.48002369839719233 ,0.4763702790832244 ,0.5001519591881037 ,0.49501195555500405 ,0.387120554289229 ,0.38055524745977076 ,0.46680234451318786 ,0.459738216379073 ,0.4824270053185716 ,0.4773425536159248 ,0.3756874344223741 ,0.373195008909562 ,0.47970983031224 ,0.474503602540135 ,0.4836381562285177 ,0.4771911054338308 ,0.38174228445312786 ,0.37301112969634237 ,0.5374461811208799 ,0.530770238216615 ,0.5359157350121205 ,0.5300111811463832 ,0.39254133651724016 ,0.38721451049331657 ,0.5710924780201888 ,0.563109431192734 ,0.5722882521075292 ,0.5655320181729421 ,0.3841139332103187 ,0.3761361676147299 ,0.4941432396251673 ,0.4886538081967943 ,0.5052860089004667 ,0.5000402438985105 ,0.37993143746155794 ,0.3704676374184146 ,0.48122580411737037 ,0.4755101880622221 ,0.4932405296863128 ,0.48811070996999495 ,0.38382539165671703 ,0.3755876535220676 ,0.4992302543507363 ,0.49555695202683336 ,0.5067468070480119 ,0.5014106032689386 ,0.390745866348276 ,0.3843940808150402 ,0.504365208582076 ,0.4999665739888356 ,0.5109627699989145 ,0.5061240125824651 ,
PubMed,GIN-GCN,0.4279046684017648,0.38360820105542304,0.5778771908700499,0.5700160332395008,0.5800590561107664,0.5732610065080699,0.42968090558534866,0.386063650802427,0.574073096409088,0.5677768912492203,0.5869564825877867,0.5808447213500156,0.42678974439720774,0.3825399143586041,0.5815790678839111,0.5744697058527299,0.5798038855493912,0.5733946727677475,0.4267892812927407,0.38319538920195784,0.58325229005159,0.5755636813198034,0.5849757590539495,0.5777836947522696,0.43160819200928674,0.3874957320155001,0.579855238689188,0.5726044652218094,0.5892375808245937,0.5832496126687227,0.4276003830388504,0.3834413186119016,0.5796007370564874,0.5728511085918075,0.5834581142591924,0.5775867466677181,0.4273473736316549,0.38343491645440314,0.5854841191187019,0.5787531456972732,0.5800066481219056,0.5728603626113113,0.42978080751011366,0.3854152126499646,0.574274495396227,0.567177793605669,0.5802604808259314,0.5735314023207921,0.42765104152194644,0.38355039101974864,0.5825922375458344,0.5761588542103763,0.575238678896741,0.5683297240666825,0.4246077762443875,0.381307706106884,0.5788398049609809,0.5712735245605682,0.5840655786799053,0.5776794322482617,
CORA,hash-GCN,0.24407680743474103,0.1923944053809322,0.4124463577969113,0.386747898465558,0.39624436244362443,0.3698540193277603,0.2429998633319667,0.18754279769393792,0.43498838321716543,0.4146962113354074,0.4301981686483531,0.41017343769802855,0.23929615962826295,0.18506140714069977,0.465283586169195,0.441078768712239,0.46050703840371743,0.4383963946762199,0.24703703703703703,0.19325229009872552,0.3895845291786251,0.36388160445989376,0.3777846111794452,0.34037992489369706,0.24481754817548174,0.19504909882830287,0.4202473691403581,0.39989108736224505,0.4250102501025011,0.40336712147650317,0.24594642613092796,0.1888984853532122,0.43611726117261174,0.41179134901246506,0.4371983053163865,0.41214055878261957,0.24297662976629764,0.19097822997483005,0.4564124641246413,0.4375288933872351,0.4512682793494601,0.42923817740055714,0.24260762607626077,0.1886222509831876,0.4671463714637146,0.44693737844379766,0.47486811534782014,0.45607243498188615,0.24853355200218666,0.19305218259874177,0.4435028016946836,0.42254213492450543,0.44240125734590674,0.4205704344043393,0.24557058903922374,0.1914571490599705,0.37223588902555693,0.3437658806521306,0.36410550772174394,0.3329605034062679,
PubMed,GIN-GIN,0.4285132133995676,0.3863734201517153,0.5573352145665909,0.5512820135499754,0.5588580049665381,0.5523710363893855,0.42399997735933714,0.38224447349872126,0.5561688345101332,0.549996464644215,0.5596182681333699,0.5533347501893339,0.4300360037995149,0.3874493810206691,0.5564722193921394,0.549880654719316,0.5613945825010317,0.5547204506045993,0.42815868120197226,0.3865305283997261,0.557843677543447,0.5520834038131447,0.5616468457954745,0.5548483076766669,0.4272458765692809,0.3855282571828563,0.5622560082659002,0.5560728715065933,0.5648422408904779,0.5590944978725427,0.42876609416663314,0.38650895253650597,0.5544949434137798,0.5484122019100874,0.5563715198985699,0.5505452335426442,0.42688969777802477,0.3852965118731151,0.5555118436394659,0.5489847493806232,0.562255004872888,0.5548300295209136,0.4258263070094463,0.3834392658753053,0.5578957510679703,0.5516292395270995,0.5609375498480503,0.5543782978171473,0.4263320685435776,0.3845014630633413,0.5568800857875298,0.5507948175965384,0.5622543359442134,0.5559264023146204,0.42694182275860004,0.3852773258582037,0.5594677077255088,0.5537044541507383,0.5618491709915479,0.5558855475016004,
CORA,hash-GIN,0.24595189285226185,0.19193383804026126,0.4194902282356157,0.38829281929746295,0.39882602159354924,0.36405040008663325,0.2518491184911849,0.1983251806626913,0.4290747574142408,0.4022352255155318,0.4235643023096897,0.390517426427824,0.24740057400574006,0.19322885916370086,0.4132226322263223,0.3842668591261281,0.40397840645073113,0.3688369594021355,0.24372010386770535,0.1893308751394131,0.4368429684296843,0.40914433152634955,0.42319119857865245,0.3882688993080624,0.2548025146918136,0.19724232566681948,0.41356430230968977,0.38604245953387323,0.40583435834358345,0.37092489626710556,0.24039087057537242,0.18526639770739556,0.4098906655733224,0.37972017054098706,0.40582069154024875,0.3673443941150141,0.24851168511685118,0.1917228398015402,0.497060270602706,0.4754360113490582,0.49040590405904066,0.4669310754978664,0.2588588219215526,0.20651565468507832,0.428726253929206,0.4011925095436023,0.4139428727620609,0.37680897703910177,0.24447177805111386,0.18857509823463062,0.4682369823698237,0.44501664525396983,0.4560680606806068,0.4273482504567587,0.2433620336203362,0.18448274940227685,0.43241902419024186,0.4021837700772554,0.4157988246549132,0.3810610968504218,
CORA,GINhash-GCN,0.33344676780101135,0.29023474375326747,0.816673067076293,0.8156514101164168,0.8226979860044377,0.8213029115484025,0.3371436381030477,0.2962513405115034,0.817189366786141,0.8151262933444029,0.8107078853046594,0.8083409821226889,0.339726663933306,0.29623274148466416,0.8111687147977472,0.8099186274572796,0.8061230585424134,0.8055267804989492,0.3327183271832719,0.29060697843180894,0.7419248165215907,0.7401839508538844,0.7414639870285031,0.7397072973481249,0.33233429000956677,0.2889886860659892,0.719310035842294,0.7162872337022391,0.7142110428400752,0.71034968470942,0.33125051250512505,0.28812694835805824,0.8222798259088583,0.8214900465276715,0.8222435569209763,0.8216581428106972,0.3308746754134208,0.2875411194226409,0.8199458098651649,0.8194149327528766,0.8231716163167775,0.8223671181923435,0.32865791991253246,0.286801883285492,0.8098032940774876,0.8079053052587556,0.8098395630653694,0.8087317630960758,0.33197758644253106,0.2884165512610598,0.7178784775558968,0.715771915465676,0.7179296808329065,0.7163782381640629,0.32644799781331146,0.28578894645723973,0.8121309097115548,0.8112022987109546,0.829162399726916,0.8273461433710461,
CORA,GINhash-GIN,0.3364151974853082,0.2947084274537198,0.8546082949308756,0.8535702233454401,0.8504074927462024,0.8494998990196541,0.3301312013120131,0.2868553572595623,0.6153972520908004,0.6121202631132943,0.6278951186209251,0.6220018169566774,0.340113434467678,0.2992072717540451,0.6236985833760027,0.6208410847598833,0.642694999146612,0.6396485840617979,0.3327360940276069,0.28898727125243634,0.679559225123741,0.6776449981393845,0.6781959378733573,0.6761716267043236,0.3327210605439388,0.2870643376807263,0.619589520395972,0.6159984024576748,0.6209954770438642,0.6156236579429345,0.3367965012983464,0.2928410082485912,0.5623442566990955,0.5550842107229595,0.5720216760539341,0.5655484125990116,0.33751674183408503,0.29147507478772994,0.572926267281106,0.5689878899395395,0.5937105308073051,0.5898558038321355,0.33049063823971575,0.2879923880602876,0.6279249871991807,0.624212263031098,0.635293992148831,0.6321432820050126,0.33419297526308595,0.2921930298766996,0.6075802184673152,0.6007320230688589,0.6287805086192183,0.6249072324983589,0.3378775454421211,0.2928650331813304,0.6343766001024066,0.6318031702715067,0.6500512032770098,0.6478781604578844,
actor,GIN-GCN,0.23842105263157895,0.20032875199468045,0.22328947368421054,0.21095757354495426,0.22802631578947366,0.21605725615268434,0.2335526315789474,0.1989228686143308,0.2207894736842105,0.20844713898187908,0.22315789473684208,0.211049399557167,0.23763157894736847,0.20646627560461503,0.23500000000000001,0.22029660238380538,0.22986842105263156,0.21427383982883624,0.23065789473684212,0.20498158610963002,0.22710526315789478,0.21166824317069244,0.22355263157894742,0.21062033356189008,0.2380263157894737,0.20765658604510775,0.2246052631578947,0.21246861819494262,0.23078947368421057,0.21722043984024966,0.2319736842105263,0.19521611210003956,0.22684210526315787,0.21310235927831508,0.22473684210526318,0.2122526828313373,0.2461842105263158,0.2079057830489887,0.21710526315789475,0.20568361921846537,0.22644736842105262,0.21274253004350324,0.23328947368421052,0.1974247325400816,0.21736842105263157,0.20701725934847306,0.2305263157894737,0.21737841424663612,0.23289473684210527,0.20345170110468472,0.2293421052631579,0.2152166086132173,0.23394736842105263,0.2177621218691245,0.24605263157894738,0.20755237897558443,0.2207894736842105,0.20731858420202923,0.22013157894736843,0.20627154574506626,
actor,GIN-GIN,0.22302631578947368,0.1998800077888279,0.23565789473684212,0.2253216876135813,0.24157894736842106,0.22991085193404381,0.2318421052631579,0.2103219768419339,0.24065789473684207,0.23105473676587276,0.2357894736842105,0.22570227096599157,0.23157894736842102,0.21027950421165045,0.23894736842105263,0.2291179489197886,0.24460526315789477,0.23276839346626993,0.2310526315789474,0.20876577380558542,0.2473684210526316,0.23765801772687717,0.23947368421052634,0.2282358680113564,0.2276315789473684,0.20330925090618496,0.23921052631578946,0.2295850655868366,0.23802631578947367,0.22719432973091785,0.22842105263157894,0.20672232494237403,0.24592105263157893,0.2364798963827166,0.2396052631578948,0.2276061098787275,0.2268421052631579,0.20320933271610894,0.24868421052631579,0.23904515676239427,0.24118421052631578,0.23050043566310427,0.2314473684210526,0.20828024741959011,0.23684210526315788,0.22601871367242535,0.23947368421052628,0.22808843357161898,0.22657894736842105,0.20240487960404413,0.24131578947368423,0.23177792904890676,0.2431578947368421,0.23292129168084164,0.22539473684210526,0.2022520451938507,0.23986842105263156,0.22939420148631742,0.24118421052631583,0.22985528707629346,
chameleon,hash-GCN,0.2200227992889713,0.2166976550218854,0.7400069557152793,0.7397344936845325,0.741328541618363,0.7417195541490474,0.20596839013834142,0.20249887156769386,0.7325334260762038,0.7324500105542482,0.7224341139191591,0.722708457987095,0.20901344771620683,0.20456396244477282,0.7184481026354432,0.7186493604570015,0.7114904552129222,0.7115671087875791,0.20509892572841792,0.20105539786417198,0.7171651595950228,0.717092478758497,0.701822010974573,0.7022337743117036,0.21081806940258135,0.2071762205318422,0.7299076435582348,0.7296909949943071,0.7224321817760259,0.7233843090309321,0.21168173738310533,0.20812490236538633,0.7096839013834145,0.7099930082371356,0.6943368884766983,0.694467900146807,0.1993952391993199,0.19728528202937173,0.7299482185640312,0.7303831888724833,0.74132660947523,0.7416624569932244,0.22003632429090345,0.21700085876750025,0.7092800834685834,0.70974594903942,0.6732456140350876,0.674111316814846,0.2178336811190973,0.2137313470602693,0.7320986938712419,0.7321966025050599,0.7175689775098539,0.7176994645496068,0.20728997604142516,0.20270459930822185,0.7202662493237499,0.720555430631588,0.7206700672385811,0.7208222790475936,
PubMed,hash-GCN,0.386823674517831,0.3603059747352976,0.5691530488225311,0.5620061506955888,0.5449092469612629,0.5353542451120046,0.38545386296018436,0.35803496711456206,0.5840643694626857,0.5770391048347044,0.5657050302407216,0.5567586384256786,0.3848974429429568,0.3588105860315542,0.5862444337415856,0.580331545450649,0.5751381594993532,0.5670126406529435,0.38748233771018514,0.3608460530632094,0.5605819885294169,0.5532650831099446,0.533295667503342,0.5212420548568015,0.38088927378015713,0.3539066995865477,0.5819347835707,0.5748985435664524,0.5571327092743358,0.5488434571665207,0.38367922091420936,0.3564794665073496,0.5680381762740261,0.5606606371713064,0.542779789709407,0.5333947290357447,0.3857582255071766,0.3582920209693891,0.5770665522284073,0.5708898018654797,0.5626623824357855,0.5544724221242489,0.3810915732482044,0.354590595100099,0.5707763328918405,0.5624872938271552,0.5451143765121647,0.5340708543206607,0.3827662104573105,0.3559999177729352,0.5772171640923204,0.5701101530379649,0.557336732520122,0.5486819389539039,0.3888528181965065,0.36187902763109114,0.5841156968744564,0.5778278743344352,0.5765583465318107,0.5691694894718341,
chameleon,hash-GIN,0.2125724553674936,0.2088348390464831,0.6209792101398871,0.6203327520078583,0.5801279078754156,0.5796010211856308,0.19891220341602905,0.19577619100361218,0.6174762346394622,0.6176395605386442,0.5840926655846664,0.5837756862092249,0.20419468274209757,0.1995233547803637,0.615287116469588,0.6145880359352687,0.5871956874565267,0.5873571900788737,0.20949841564263078,0.204696830815488,0.6253671071953011,0.625235014726844,0.5942228920318418,0.5944415344679056,0.20464293994899144,0.200220501008992,0.6218757245536749,0.6221924320128372,0.5784508076358297,0.5777972563534891,0.21124120874874408,0.2083208901401116,0.6113416801916686,0.6118196275037533,0.5792507148929593,0.5796718815119188,0.21254540536362931,0.208962942135058,0.6179554061364866,0.616699996956617,0.5726988175284025,0.5728695397780659,0.21258598036942575,0.2086725193897187,0.6280199397171343,0.627517014852839,0.6012327073189583,0.6020457082584671,0.20379859339979906,0.20070442256765936,0.6271253574464797,0.6268108100897012,0.5911140737305819,0.5911405831790554,0.2020326145760878,0.19740866644459534,0.602981296854471,0.6023411944597843,0.5902484736069249,0.5904308189549557,
CiteSeer,hash-GCN,0.18273273273273272,0.17551310721651475,0.47760320561525377,0.4683196864084736,0.4779044104345308,0.46802393742853504,0.18634809508303482,0.1804060970275904,0.47221317703245413,0.4644739657889631,0.46379481891530083,0.4538258511376337,0.1785484279460183,0.17252162275114202,0.40879101993559824,0.3999948743316096,0.3802263106479974,0.3705323883744086,0.1860658851622707,0.1799605853537048,0.4715990086472014,0.46288010827613235,0.47609175440500745,0.46670938883610413,0.18093545352581494,0.1743696665694148,0.4959622272875285,0.4862073788039882,0.46377401497883425,0.4552508043120442,0.17283367705054456,0.1674322718839567,0.4869233691522849,0.4772834482832896,0.48122489959839354,0.4730246564267525,0.18604869930171136,0.17945226152752114,0.5094513187886681,0.49896940228616,0.5145754187922862,0.5029049660533047,0.1875456782083288,0.18147710453858457,0.47369116104055864,0.46504651936623215,0.46770234089511203,0.45851436425794584,0.18063605774449148,0.17551404534600792,0.4914441549983719,0.4839344975528793,0.4869324143420529,0.47804976652999615,0.1824441911791309,0.17514544363094153,0.500151054669127,0.4907966460039928,0.4866095010673323,0.47759583803902916,
chameleon,GINhash-GCN,0.638592626941804,0.6386137116818993,0.7385786344802738,0.7385366852381898,0.7380411937788988,0.7380429168223546,0.6420859417265631,0.6423741997140422,0.7034318140875518,0.7034629951890715,0.699087251546268,0.6994790504442635,0.6284218254888322,0.6286741326338234,0.7314658019576052,0.7320252970230231,0.7303759082447607,0.7305343273501564,0.6521427467346782,0.6526038748970133,0.7116735723293101,0.7119020695273066,0.7127904882003243,0.7123589033897115,0.6495150320735761,0.6500010532855331,0.7078934726475711,0.708681377029692,0.7188434516303369,0.719148559467351,0.6389751912821702,0.6384839069466051,0.7193868972557498,0.7200419516458326,0.7133249264396806,0.7135480753571605,0.6372710410387202,0.637131220807974,0.7062090914549932,0.7059582110733296,0.6996006725514923,0.699643288828108,0.6402813200401887,0.6403285801583196,0.7078574431033449,0.7082026430385764,0.7106137032366541,0.710699315727908,0.6346259370894195,0.6337585434629749,0.7023569326848016,0.7028424927050483,0.7062060889929743,0.7066731858264549,0.6354992657856096,0.6352139086476238,0.7083708641085691,0.7081380036595084,0.716639644508497,0.7179326152444838,
PubMed,hash-GIN,0.3833747811831393,0.35697336612403474,0.42136272605930003,0.38946474924734104,0.41674776140446196,0.3858213224602928,0.38327485353034824,0.35705713075547807,0.4222751962276539,0.3920043982056393,0.41380686794215926,0.3846661686019202,0.3865193376988647,0.3599470058945936,0.42090646524709713,0.3910733168078344,0.42110904772342994,0.3910720382789016,0.381700761446656,0.3544074874711483,0.41476894174454537,0.3831198358834128,0.4158339276507328,0.38362484625794624,0.38677247574619,0.35839280809099255,0.41877587596209953,0.3873407197726957,0.415478083323814,0.38287617860598233,0.3830699812597058,0.35640387532803125,0.4137546657775061,0.38310787010032266,0.41771137888840515,0.3870068327867589,0.38464294131025634,0.35782907804992464,0.41248807505997204,0.3821615464020872,0.4149214317543529,0.38550567520961265,0.38489559052508837,0.3568710863810893,0.4195362934970871,0.3871002544840498,0.41963802211169465,0.38722850767684447,0.3853021447911553,0.35812293981163246,0.4242547105442712,0.39493144066868113,0.4162396843479952,0.38745871101000356,0.38874988036467933,0.3600665360338608,0.41897902445500323,0.3890411362510825,0.4094440379416344,0.3790506795288397,
CiteSeer,hash-GIN,0.2034823980607113,0.19630221862540953,0.40697745938709795,0.3995884511096734,0.39132566301241,0.3808162613251243,0.1869541227974963,0.18073555084528622,0.40216541843047865,0.3939560642661821,0.4003554759578856,0.3874880330071045,0.19146676797279202,0.18443261030922015,0.40788559643981326,0.39854225712339175,0.3868311082166504,0.3748684701065671,0.1944625348239806,0.18771439446926924,0.4331126307029921,0.42395091947272434,0.42771084337349397,0.42004336370096196,0.1869441730887514,0.1798223481190011,0.39884764282354646,0.3885066101809798,0.38863381453742896,0.37756244678648804,0.18214841347371466,0.1760396737316639,0.39163772205940883,0.38186296667619596,0.40276240095517196,0.3913197131142853,0.18063424870653788,0.17404061162185777,0.416594305148522,0.4081067011127554,0.419597308151525,0.40939420853875425,0.19237309598755387,0.1866672882350451,0.3865353305112341,0.37626336918003733,0.37361156337059953,0.36238173796066964,0.18846105141285865,0.1827042133350821,0.39765186873620606,0.38558456007988634,0.3895292883244691,0.37911572058263676,0.18937009298455082,0.1822746783860827,0.4033639060747494,0.39524155685162066,0.3931645500922609,0.38363664529193076,
chameleon,GINhash-GIN,0.6451599814514258,0.6454664410041928,0.6469224764306734,0.6474811353948178,0.6809343661802679,0.6814237057023301,0.6442885848983693,0.6449508234009781,0.6650243199423528,0.6655742293628746,0.6847865249504596,0.6853457672568892,0.6490822320117474,0.6494890072121667,0.6600702576112412,0.6593996395311905,0.6831712003843153,0.6839130714613824,0.642534198933457,0.6424426088689809,0.6413829340058849,0.6416896110533735,0.678709541824296,0.6800942748075222,0.6420801452971636,0.6420873472592212,0.6606016933885787,0.6605233542902029,0.6875307752356934,0.6875365470283185,0.6538913362701909,0.6539956806736302,0.6540593286494926,0.6535364838620004,0.6837266558578036,0.6844510082685736,0.6425052167864596,0.6426966848526727,0.6650303248663906,0.6648060038176677,0.6858854260493606,0.6855116849857096,0.653951232707319,0.6530664572477003,0.6463550111091096,0.6462460670992549,0.6798684921635741,0.6804961912630552,0.6543840327691476,0.6545378873072492,0.671584699453552,0.6723783961387338,0.6990872515462679,0.6999753442716584,0.6512868073266869,0.650963920936626,0.6447156668468145,0.6438642734131027,0.689740587281571,0.6903105760697168,
PubMed,GINhash-GCN,0.4241008569490884,0.38014104219107814,0.592721375797366,0.5877478981191384,0.5934819928101439,0.5891255190539549,0.42430354233752504,0.3798210460699033,0.5935441586236883,0.5883660228259606,0.5976031803821249,0.5922879732174837,0.42602783463671506,0.3824746810366699,0.5943064633961099,0.5890668687763441,0.601596700992483,0.5960248066345655,0.4276003830388503,0.38348820604438105,0.5922785398146518,0.5869472747495348,0.5952536984037813,0.5897256454393591,0.42536958309277634,0.3816992630547952,0.5917077153922875,0.5863229347440152,0.5969061758340144,0.5915836073272298,0.42460759614820576,0.3795534980249136,0.5927211346888455,0.5876714594363717,0.5950663570833263,0.5898904878577365,0.42268074710070874,0.37883167318989713,0.5951307732430624,0.5898571523455847,0.6007732350253525,0.5955300906449473,0.4263326345601485,0.38231039185608146,0.5920213975775024,0.5871495581146191,0.595386589383349,0.5901192954481261,0.42496380066748785,0.3807561805481453,0.5915826604396373,0.5859878930224347,0.59886972344049,0.5937330470330662,0.42531745811220095,0.38085014418252977,0.5958931182002374,0.5903677331103521,0.593609016815712,0.5886432798153389,
PubMed,GINhash-GIN,0.425166717608158,0.3819498257674244,0.46738038807220067,0.45361259491240286,0.48563873263717267,0.47286017155182164,0.42242676002852725,0.3779105936943296,0.4670006823371131,0.4534265398265792,0.48044179921607577,0.4669051125757597,0.42460775051636146,0.37900990674855467,0.4633857824735001,0.4497177571931445,0.47055184918179827,0.4573922340264196,0.42501420187032457,0.3794489433520731,0.46845858519127537,0.45448132189051693,0.4876064192732506,0.47504887045849464,0.4251665632400023,0.3819917883811729,0.47017089771935455,0.4560669462242749,0.48418203532561305,0.4711773004499742,0.42547079714686487,0.38052176131486126,0.46757126565095686,0.4531166351195209,0.484244361878171,0.47111872076802114,0.4201462020802652,0.3764832965475545,0.4670003206743322,0.4532826621941822,0.480188996932296,0.46769517382270615,0.4308971722841239,0.386304994826215,0.47289679028300513,0.4597386685281976,0.48088427353600915,0.4680634450968092,0.42501435623848033,0.3814411748316709,0.47327460733468196,0.45909993544052463,0.4770813090263797,0.46398355289308524,0.4243546896531141,0.38020297050239016,0.47175771326249566,0.45718421807913295,0.4839907157145693,0.4699611634542805,
CiteSeer,GINhash-GCN,0.24586001664314913,0.22624804406620486,0.7080130100532228,0.6999065897730704,0.7113809805412407,0.704539960858704,0.2518750678389233,0.2302875956440839,0.7200346371546844,0.7133664683870954,0.7271690462110333,0.7212626997382932,0.24916784254133648,0.22561853266603676,0.7159105629241643,0.7111070024795998,0.6956196671453916,0.6910353058722183,0.25216451391150185,0.2263708275900766,0.7283039058319958,0.7220750725991227,0.7286770296527836,0.7237824721410082,0.24977025217989074,0.22797554893289948,0.7049970431697219,0.6996517704446674,0.7113767564979864,0.7036342465282902,0.2476753862296031,0.22517646890513804,0.7151516431528259,0.709667157407522,0.7095209934949734,0.7025187087594482,0.25038984767900424,0.22941752681155836,0.7121455323702516,0.7060047848955344,0.7234096477147925,0.7181684926742826,0.24526212959947896,0.2265806053323669,0.36263974543099314,0.35594792747244447,0.3806862662273662,0.37355795724977753,0.25067024856181486,0.23185713611658101,0.7252893469629127,0.7192474786395507,0.729435949424122,0.7241625260155643,0.24886663772205941,0.2320425877591735,0.3757990481822534,0.37087197683395695,0.39834839908760666,0.38862728582698236,
squirrel,GIN-GCN,0.5579691421821941,0.5569424134583955,0.6710246567252325,0.6698404803252449,0.6667927801565037,0.6662537683360059,0.5618193562675329,0.5598249952179989,0.6671773955411192,0.6665206325777506,0.6742909345932379,0.6737825163016495,0.5487420640779564,0.5488657069634638,0.6583353019341504,0.6567083062588992,0.674293149269157,0.6740333812448476,0.5370149859737191,0.5365516030695534,0.6819850878488115,0.6819332886997611,0.6871799793296914,0.6871665190443442,0.5323973866824155,0.5329439837398722,0.656979920271667,0.6556678985252292,0.6654377676066736,0.6638741001649641,0.5383578178059945,0.5375222131803361,0.6639103794478074,0.6635702420092922,0.6802587479698804,0.6796411824125463,0.5556669865642995,0.5550807744029937,0.6708353019341504,0.6704198407649884,0.6750653329396131,0.6750066196089498,0.5373981249077218,0.5390607589364326,0.6621796102170382,0.6613912232637141,0.6706396722279642,0.6700570411190903,0.5381684630149122,0.5383333813016746,0.665258009744574,0.6642774170597571,0.6746825631182636,0.6735433473508303,0.5343215709434519,0.536598853547879,0.6644869334120774,0.6636755090797661,0.6685228111619665,0.6681782230852037,
squirrel,GIN-GIN,0.5383574486933412,0.5356507371502516,0.6279621290417835,0.6270345405507216,0.6437239775579507,0.643187450172762,0.5477772036025395,0.5473950262048325,0.620263915547025,0.6183633765274529,0.6316093311678724,0.630653416158325,0.5400900634873762,0.541962285844592,0.6229573305772921,0.6216523854821866,0.6402569024066145,0.6393837823725129,0.5295194153255574,0.529729176751389,0.6354573305772921,0.6337595103810407,0.6475653329396132,0.6468347794968422,0.5427820020670309,0.5430650974889788,0.6325719769673703,0.6319580686075005,0.6423774545991436,0.6411372590656725,0.5368197253801861,0.5360647449120307,0.6373822530636349,0.6360404151318708,0.6462199173187657,0.644843499352131,0.5493152960283478,0.5473610193300996,0.6256481618189872,0.6238691720428174,0.6473804075003692,0.646098952901687,0.5414343717702643,0.540619414126536,0.6373745016979182,0.6358949516017524,0.6348759781485309,0.6327167475747906,0.534890373542005,0.5353421786963974,0.6296921600472465,0.6287498354624925,0.6456363502140853,0.644271831097248,0.5429732024213789,0.5440833106810257,0.6383393621733353,0.6371766111786221,0.6487199173187657,0.6480656452352747,
wisconsin,DR-GCN,0.844923076923077,0.826629993101505,0.6016923076923077,0.5731255725471109,0.829076923076923,0.802937960174468,0.8169230769230769,0.7933117231090476,0.6015384615384616,0.5774857020573962,0.8250769230769229,0.8035471856970924,0.836923076923077,0.8236999104599103,0.6016923076923076,0.5732922939034428,0.7927692307692307,0.7680297840175433,0.8167692307692308,0.7883947443860487,0.5773846153846154,0.5439775628287299,0.8089230769230769,0.7832529024939257,0.8489230769230769,0.833541463159657,0.5698461538461538,0.5341252695446272,0.812923076923077,0.7876855947605457,0.829076923076923,0.8158680608280608,0.5815384615384614,0.5414726963387515,0.8170769230769229,0.7998227106227105,0.8206153846153846,0.7990472718585762,0.6215384615384616,0.5935056568918338,0.8366153846153846,0.8175612949963451,0.8283076923076923,0.8064993935830055,0.6092307692307691,0.5769042874190353,0.8166153846153845,0.7901486653218022,0.8246153846153845,0.8006811607298632,0.6012307692307692,0.5611719683381751,0.7889230769230768,0.7727832005675485,0.8207692307692307,0.7958094463841621,0.6015384615384616,0.5678183638583639,0.7843076923076922,0.7630333278612876,
cornell,DR-GCN,0.775438596491228,0.7514289163106859,0.49941520467836265,0.4240932323884269,0.7631578947368421,0.7329140566611964,0.802046783625731,0.7747350699982279,0.4888888888888888,0.4174832147257776,0.7473684210526316,0.7073585532434744,0.796783625730994,0.7745336212365197,0.48918128654970766,0.4196035543403965,0.7312865497076022,0.6960034996362228,0.7807017543859649,0.7668839699160066,0.5108187134502924,0.44430055106552385,0.7698830409356725,0.7312045679924937,0.7690058479532162,0.7391312465397134,0.4991228070175439,0.4329886671934727,0.7801169590643274,0.748376538379081,0.7909356725146199,0.7692499144215391,0.5049707602339181,0.41891972168860037,0.7795321637426901,0.7482412057812515,0.8128654970760234,0.7919202265655355,0.5274853801169591,0.4500531883341794,0.768421052631579,0.7452101331385927,0.7923976608187134,0.7675704531787675,0.510233918128655,0.43437216736987916,0.7751461988304094,0.7507456178874944,0.7915204678362573,0.7754392724968622,0.5005847953216375,0.4369804036966509,0.7584795321637426,0.7150767740607559,0.802046783625731,0.7781616726353568,0.5005847953216375,0.4306888947564005,0.7912280701754385,0.7741552222673505,
texas,DR-GIN,0.7906432748538013,0.7682181711415121,0.6157894736842104,0.5748741384896991,0.7532163742690059,0.7209153150857956,0.802046783625731,0.7788905289134123,0.6634502923976606,0.6146745093198182,0.7751461988304094,0.7458279344606575,0.7912280701754385,0.7585857842894456,0.6707602339181287,0.648064242732435,0.7804093567251462,0.7477437676316395,0.802046783625731,0.7840851304810115,0.6318713450292398,0.5956951942878715,0.7692982456140349,0.7325763161747142,0.775438596491228,0.758153092987189,0.5880116959064328,0.553631564426759,0.7859649122807018,0.7499940067560205,0.774561403508772,0.7508943758165726,0.6371345029239766,0.5936059846586161,0.7736842105263159,0.7460648437078644,0.7745614035087719,0.733423875683601,0.6377192982456141,0.5934676908818786,0.790643274853801,0.7599487721646379,0.7967836257309941,0.7721328188719493,0.6654970760233919,0.6237932776605546,0.8184210526315789,0.7944302629536881,0.785672514619883,0.765375349147279,0.6371345029239766,0.5904313916442063,0.802046783625731,0.7692216771984126,0.7912280701754385,0.7665324240553073,0.6716374269005847,0.6343064403037706,0.8076023391812865,0.7713311000381939,
wisconsin,DR-GIN,0.8284615384615384,0.8049165557964889,0.6016923076923076,0.5753158068992915,0.8124615384615383,0.7841954171754171,0.8132307692307691,0.7913186806430285,0.5456923076923076,0.5077553154747974,0.8004615384615384,0.7735616605616605,0.836923076923077,0.8170577067377067,0.5853846153846153,0.5394254789654789,0.797076923076923,0.7733293373293374,0.8327692307692308,0.8058386041411529,0.5698461538461539,0.5292941892473537,0.7933846153846152,0.7716051682273826,0.8170769230769229,0.7997823274161735,0.5258461538461539,0.4883548854781886,0.7921538461538461,0.7619687157287157,0.8366153846153846,0.8129333586381412,0.5698461538461539,0.5440172934643763,0.8007692307692308,0.7786167425810904,0.820923076923077,0.8034609523809524,0.5581538461538461,0.5146444150744116,0.8166153846153845,0.7938930116626668,0.8244615384615385,0.8014625067685938,0.5023076923076923,0.47128038818039386,0.813076923076923,0.7917641025641025,0.8127692307692307,0.790133616803115,0.5223076923076923,0.48953312258056086,0.7927692307692307,0.7721469553263532,0.8367692307692307,0.8171128737928738,0.5733846153846154,0.5379904075258151,0.7776923076923076,0.7512738686954071,
cornell,DR-GIN,0.7926900584795321,0.7659561040281864,0.5494152046783626,0.4765881166654463,0.7543859649122808,0.722027664247645,0.7967836257309941,0.773324563604884,0.4836257309941521,0.4107548596086607,0.7581871345029239,0.7301311634377996,0.7748538011695907,0.7512296120553177,0.5271929824561403,0.4622646164751429,0.758187134502924,0.733058489805248,0.7690058479532162,0.7498383383432963,0.5049707602339182,0.4577392397415281,0.730701754385965,0.6921477297034124,0.7967836257309941,0.7746058208396118,0.5055555555555555,0.44239824810461925,0.7473684210526317,0.7287199149975657,0.7871345029239766,0.7662019893827674,0.5385964912280702,0.45172607933731757,0.6807017543859649,0.6478173851743645,0.7804093567251461,0.7633856552239469,0.48918128654970766,0.4177653886074939,0.7459064327485381,0.7117228677754993,0.8014619883040937,0.7849045327300176,0.5052631578947369,0.4537783076741887,0.7961988304093567,0.7736639826399551,0.7809941520467836,0.7605174139785125,0.5441520467836257,0.4689708935017859,0.758187134502924,0.7125316942994289,0.8076023391812864,0.787268530901254,0.5385964912280702,0.465765856324463,0.7315789473684211,0.6942031629274192,
texas,hash-GCN,0.5055555555555555,0.42665233969352967,0.6432748538011696,0.6149704850620182,0.6865497076023391,0.6599993371270798,0.5049707602339182,0.43532344424792946,0.6929824561403508,0.6584796807565686,0.6646198830409358,0.6399858780286832,0.4719298245614036,0.4037606541267869,0.6751461988304094,0.6435867270001518,0.6812865497076023,0.6404345519148736,0.5213450292397661,0.4254831988928099,0.614327485380117,0.5771421997877629,0.6309941520467837,0.6056306939945384,0.4894736842105264,0.4001756356289792,0.6274853801169591,0.5873796810867747,0.616374269005848,0.5856479472726612,0.48888888888888893,0.41011749924793406,0.6426900584795322,0.6089792168167454,0.6105263157894738,0.5657192002844177,0.5111111111111111,0.4375021847472903,0.6540935672514618,0.6267054943107576,0.6526315789473685,0.6039558338093807,0.5058479532163742,0.43041658739599253,0.6824561403508772,0.6363670198773174,0.6760233918128656,0.6409679666887905,0.48391812865497075,0.413211615065162,0.6593567251461988,0.6330037063820436,0.6754385964912281,0.6479460233808061,0.4935672514619883,0.41897391594760014,0.6263157894736843,0.5806968690263885,0.6590643274853801,0.6243948114771913,
squirrel,DR-GIN,0.3703203897829618,0.3680065756994113,0.5731522220581722,0.5736937319294969,0.5610464343717703,0.5610774617496108,0.3658917761700871,0.36207274674163065,0.5871980658496974,0.5874431680766984,0.5816207736601211,0.5814295323604056,0.37473645356562824,0.3718824416419819,0.5764284659678134,0.5763717787096092,0.561618558984202,0.5612861731895199,0.39049571829322305,0.3875950811076003,0.5745046508194301,0.5743455744306065,0.5547013878635759,0.5542634136390563,0.37069688468920714,0.36761711432616223,0.5741178207588955,0.5741377480679766,0.5643186180422265,0.5638478856945672,0.36665731581278604,0.3642756512563713,0.5785431123578917,0.5783639170780808,0.5671988040750037,0.5666817516869822,0.35646980658496974,0.35342798103617423,0.581431787981692,0.5812422343123093,0.5668134504650819,0.5657489052699247,0.372625867414735,0.3696518060288467,0.5806551749593976,0.580137007009099,0.5685468034844234,0.5676525566016595,0.3758902997194744,0.37308642483738985,0.5825896943747232,0.5817396833173027,0.5696980658496973,0.5686631624043745,0.37743023770854867,0.37406065350263984,0.5708500664402775,0.5707521853466676,0.5704695112948472,0.5700134420010996,
wisconsin,hash-GCN,0.41107692307692306,0.3549142413142413,0.5575384615384615,0.5223574912859921,0.5655384615384615,0.5299527058448797,0.41415384615384615,0.36192382505641685,0.5615384615384615,0.5241156480366108,0.5618461538461538,0.531181962434562,0.39046153846153847,0.342718397636398,0.4656923076923077,0.44114246319104067,0.46230769230769236,0.4195027027633924,0.39815384615384614,0.35428257913223427,0.5744615384615385,0.5452928265605476,0.5252307692307692,0.48059044564983183,0.4029230769230769,0.3475528842928175,0.5183076923076924,0.4783603575260673,0.47800000000000004,0.44614328114331114,0.4184615384615384,0.3572677498705308,0.5772307692307692,0.5380141541068544,0.5461538461538462,0.5179184365336283,0.42276923076923073,0.3684749274362537,0.4701538461538462,0.43037872650225584,0.45446153846153853,0.4208117812655444,0.41461538461538455,0.3559538722352044,0.5343076923076924,0.5012902258596065,0.5416923076923077,0.510652884866506,0.4144615384615384,0.35870107871364826,0.5463076923076923,0.5127858190175838,0.5412307692307692,0.5003668110633328,0.442,0.3820301244917485,0.5706153846153846,0.5318147009852892,0.5618461538461538,0.5254645742989716,
cornell,hash-GCN,0.47777777777777786,0.40675644425072344,0.5005847953216375,0.431016928119013,0.4836257309941521,0.41345919409102727,0.4988304093567251,0.4303577444252502,0.49415204678362573,0.42007013539050153,0.4669590643274854,0.3930691686481161,0.500877192982456,0.4338246346509759,0.49473684210526325,0.4171133929211733,0.5111111111111111,0.42927032940127263,0.48274853801169587,0.40998372972057184,0.4669590643274854,0.4082693919447034,0.5447368421052632,0.448124744001937,0.47777777777777775,0.4174155742977253,0.5330409356725146,0.448512666839898,0.4953216374269006,0.4224021592442645,0.5005847953216375,0.4275488842880148,0.46695906432748535,0.3969764295088475,0.4780701754385965,0.38698355792863803,0.49970760233918127,0.4268955396761144,0.5277777777777778,0.4589954825334943,0.47368421052631576,0.3971181674499752,0.4783625730994151,0.39962113855388703,0.5540935672514621,0.4785721927967034,0.49444444444444435,0.41804291013673156,0.5111111111111111,0.4208184759557757,0.5228070175438596,0.4602058189383387,0.5877192982456141,0.5102393119342101,0.5064327485380117,0.4250448487956751,0.522514619883041,0.4467645982291292,0.5,0.4387923340326087,
actor,hash-GCN,0.2843421052631579,0.27252488939853936,0.22894736842105262,0.2101461182021453,0.2419736842105263,0.22902469257726943,0.2765789473684211,0.26575121061958473,0.2314473684210526,0.21428612610203074,0.25894736842105265,0.2456929437849317,0.2864473684210526,0.2751779372316552,0.2297368421052631,0.21302478603168723,0.24671052631578946,0.23546112951755246,0.27842105263157896,0.26791639738873607,0.22394736842105262,0.20598058077106912,0.24947368421052635,0.23784360283293235,0.2748684210526316,0.26392804017523813,0.22407894736842104,0.20958575165133309,0.2542105263157895,0.2438327579869047,0.2864473684210526,0.2760388819170511,0.23065789473684215,0.21272099204009715,0.2469736842105264,0.23401026464030558,0.2793421052631579,0.2698406539085605,0.23171052631578942,0.21386936337275006,0.24644736842105264,0.23539120303974262,0.27460526315789474,0.2632021664091232,0.21868421052631576,0.20518012347294104,0.2503947368421052,0.2398582356305024,0.2693421052631578,0.25824244239865873,0.2278947368421053,0.21189677559119366,0.25394736842105264,0.24304504489260093,0.2768421052631579,0.26706012220895997,0.2361842105263158,0.2170568829402769,0.2546052631578947,0.24234551224342468,
texas,hash-GIN,0.48888888888888893,0.4221640911000179,0.6219298245614034,0.5868680209526891,0.6374269005847955,0.5959327446573824,0.4885964912280702,0.4203572807488394,0.6090643274853801,0.5738120471358458,0.6093567251461989,0.5615505506867062,0.4947368421052632,0.4309924231205696,0.6093567251461989,0.5699133636961743,0.6479532163742692,0.6054792146153702,0.5055555555555555,0.4104836575596809,0.6371345029239766,0.5994209665662755,0.6421052631578947,0.6039963325089183,0.5005847953216375,0.43108493135063186,0.6096491228070174,0.5633641856067485,0.643859649122807,0.6058988269972252,0.46725146198830403,0.3876788314660168,0.6330409356725146,0.604057354056681,0.62046783625731,0.5835762837044302,0.4833333333333334,0.4093370643256226,0.5874269005847953,0.5530533074011335,0.604970760233918,0.5669407736513,0.47777777777777786,0.3947933185319756,0.626608187134503,0.5924960315356061,0.5994152046783626,0.5661575821415639,0.47894736842105257,0.3927111723018156,0.7090643274853801,0.676038051278326,0.6538011695906432,0.6158239463731454,0.493859649122807,0.41831746264583797,0.626608187134503,0.5849990809258545,0.5865497076023392,0.5493328097447091,
wisconsin,hash-GIN,0.43030769230769234,0.36891343839363466,0.5336923076923077,0.4926436673694199,0.5298461538461539,0.4894610800330746,0.4184615384615384,0.3539233320340106,0.5376923076923077,0.48732248078718665,0.5576923076923077,0.499442447228685,0.4295384615384615,0.3715628510310602,0.517846153846154,0.463640264050459,0.5336923076923078,0.4867416633463352,0.4064615384615385,0.34424519174140494,0.5383076923076923,0.4932075111473602,0.5541538461538461,0.5047222149115126,0.42215384615384616,0.36068218047062317,0.5418461538461539,0.49918389649174555,0.5539999999999999,0.5067495909184346,0.41,0.34838839225290835,0.5378461538461539,0.48973355950067293,0.5413846153846155,0.4931681835405974,0.43015384615384616,0.37323457672022453,0.5261538461538462,0.48312101794258744,0.534,0.49429577779051703,0.43415384615384617,0.38116450296829607,0.5575384615384615,0.5069198991403383,0.5695384615384615,0.5315570268811648,0.4023076923076923,0.3530996290262698,0.5293846153846156,0.48245432401008664,0.55,0.5037529067027399,0.4298461538461538,0.37061286082693634,0.4940000000000001,0.4593891640749466,0.518,0.47697220781443256,
cornell,hash-GIN,0.4935672514619883,0.4156699911759662,0.47777777777777775,0.4202669110277807,0.5166666666666667,0.4516775453642984,0.47251461988304094,0.4122622813240662,0.5008771929824561,0.43226986463828565,0.5160818713450293,0.4308168737732683,0.45614035087719296,0.3929657866499972,0.4947368421052632,0.42975521952409823,0.5005847953216376,0.43850533651448975,0.4669590643274854,0.39616213665984834,0.5228070175438596,0.446635070582439,0.4885964912280702,0.4236933182928607,0.49941520467836253,0.43866138734559784,0.5380116959064327,0.4667848607118884,0.5178362573099415,0.43969075564753163,0.48976608187134507,0.4297849751739912,0.4722222222222222,0.40597956683540215,0.5339181286549707,0.46206717997844365,0.5002923976608187,0.42438451586646353,0.5225146198830409,0.4524132207312985,0.4842105263157895,0.39880474468511584,0.483625730994152,0.4243506713644013,0.5502923976608187,0.471682170698189,0.5497076023391811,0.46870357331455736,0.49444444444444446,0.4014018832350895,0.5163742690058479,0.4471761203454568,0.47192982456140353,0.40574838433877336,0.5058479532163743,0.42694413816636045,0.5172514619883042,0.4393102083948766,0.5043859649122806,0.4317679316191902,
texas,DR-GCN,0.7684210526315789,0.7416552910603255,0.6973684210526315,0.6656145037971888,0.785672514619883,0.779499453141711,0.8181286549707603,0.7986325827744593,0.6646198830409358,0.6231304958707705,0.8245614035087719,0.8106758689653427,0.8248538011695906,0.8011539223552955,0.6538011695906432,0.6252764293352033,0.8032163742690059,0.7848063340168604,0.7798245614035088,0.7536150818416265,0.610233918128655,0.5760511342519263,0.823391812865497,0.7941557671077123,0.7961988304093566,0.7729813682941067,0.6488304093567251,0.6269091444758874,0.8035087719298245,0.780088479689929,0.785672514619883,0.7633812891631351,0.6435672514619883,0.605735286833685,0.8347953216374269,0.8173257859184633,0.8073099415204676,0.7817638904023343,0.6365497076023392,0.610324456104395,0.8137426900584795,0.7845512936931703,0.795906432748538,0.7619256722174341,0.6371345029239766,0.5980910534644326,0.8128654970760234,0.7964846488934972,0.8017543859649123,0.7866254525201894,0.6491228070175438,0.6183103157542517,0.8292397660818713,0.8102416614659177,0.7859649122807018,0.7644596009126902,0.6646198830409358,0.6426098871465004,0.8251461988304094,0.7957612270770165,
texas,GINDR-GCN,0.5546783625730993,0.5194800792054798,0.6752380952380952,0.6396629177986985,0.6695238095238094,0.6331131095713138,0.5771929824561404,0.5487615448370597,0.6552380952380952,0.6195477781755977,0.7190476190476189,0.684882557701443,0.5494152046783626,0.5150263103565925,0.7114285714285715,0.6653425791369179,0.6980952380952381,0.6536200632299705,0.5774853801169589,0.5416065928682027,0.6900000000000001,0.6447667534850197,0.6776190476190476,0.6311539961013646,0.576608187134503,0.5477109775329589,0.7100000000000001,0.6618463174743582,0.7242857142857143,0.6893265289921636,0.5596491228070175,0.5320584734460088,0.7247619047619047,0.6843597801693777,0.6904761904761906,0.6465844794057974,0.5286549707602338,0.5100076736270481,0.6928571428571428,0.6524461971923273,0.6761904761904761,0.6361402104701529,0.5271929824561404,0.49563200931621976,0.6980952380952382,0.6726913654350628,0.6976190476190476,0.6545562014279397,0.5716374269005849,0.5383759474249447,0.7166666666666667,0.6827082444313757,0.7380952380952381,0.704979285281364,0.5774853801169592,0.5480745011408628,0.6757142857142858,0.6408931642832572,0.6971428571428572,0.6701424195409158,
wisconsin,GINDR-GCN,0.506,0.4746874310716652,0.6399999999999999,0.6096021910964702,0.6849999999999999,0.6600066330373234,0.4941538461538463,0.4644743329467468,0.6950000000000001,0.673882561882562,0.705,0.6821017923723873,0.5143076923076922,0.4889160719512084,0.65,0.6145440923810489,0.7499999999999999,0.7136089074922026,0.4976923076923077,0.4674373767718527,0.6950000000000001,0.6647056418028958,0.71,0.6878182095682096,0.5223076923076924,0.499881691871347,0.72,0.69239958157336,0.715,0.6966031272312738,0.5138461538461538,0.4822480449510548,0.6849999999999999,0.6494721413216836,0.72,0.6901298032630985,0.49338461538461537,0.4699259116047352,0.71,0.6736370115391854,0.74,0.708166239557544,0.5183076923076924,0.48446666966830304,0.675,0.6570813992060797,0.7150000000000001,0.6848127669432016,0.5018461538461538,0.4777649182046921,0.715,0.6945751845408596,0.7299999999999999,0.7081584263689527,0.502,0.475104906850604,0.7699999999999999,0.7401810888386975,0.7650000000000001,0.7500625485625486,
cornell,GINDR-GCN,0.39532163742690063,0.3453082464615645,0.6680952380952381,0.6220640490114174,0.6771428571428572,0.6334800034273719,0.4505847953216374,0.3799256926742306,0.6895238095238096,0.6483180874689056,0.6495238095238096,0.5989621041399017,0.4178362573099415,0.351244559745704,0.6895238095238095,0.6480549178735822,0.6895238095238095,0.6497741973982574,0.43391812865497076,0.3695808089698249,0.6495238095238095,0.613265885301489,0.6752380952380952,0.6246014709977559,0.42777777777777776,0.3653340476795854,0.6704761904761904,0.6157489217909387,0.6766666666666666,0.6188709295520441,0.40146198830409363,0.35221691352126133,0.6557142857142858,0.6105149100575903,0.6900000000000001,0.650821530951562,0.4233918128654971,0.3648116054637794,0.4828571428571428,0.4227568594689338,0.43476190476190474,0.3887664616085669,0.4342105263157895,0.36783066835698414,0.6633333333333333,0.6015405741243867,0.6542857142857142,0.6216257965174374,0.42923976608187137,0.37056973241183766,0.6490476190476191,0.5914637153106856,0.6295238095238096,0.5878715743607384,0.4002923976608187,0.3457700746532427,0.6490476190476191,0.597906801210649,0.6833333333333333,0.6344536996084984,
texas,GINDR-GIN,0.543859649122807,0.5172675638892669,0.6623809523809524,0.6263643094664767,0.7576190476190476,0.728739970842138,0.5611111111111111,0.5273937377846608,0.7176190476190476,0.6797118620727642,0.7242857142857143,0.7057975541093631,0.532748538011696,0.5161900359154364,0.6514285714285715,0.6147555688942243,0.6828571428571428,0.6362317535201214,0.5397660818713451,0.5100777443168747,0.7100000000000001,0.6825194849869772,0.698095238095238,0.6613320730737803,0.5482456140350876,0.5173447122417374,0.6628571428571428,0.6307180989354806,0.7166666666666668,0.685968253968254,0.5824561403508773,0.5522414402277102,0.690952380952381,0.6533961771843241,0.6842857142857143,0.6390504693105312,0.5766081871345028,0.5400589977725753,0.6557142857142858,0.6037311811814244,0.6623809523809523,0.6246055755635587,0.5657894736842104,0.5329095324740768,0.6909523809523809,0.6533267505832743,0.6833333333333333,0.6426351406059501,0.5535087719298246,0.5326792337025881,0.6557142857142856,0.6284732208672943,0.719047619047619,0.6942573754648058,0.5497076023391814,0.5219932792015172,0.6066666666666667,0.569017589491937,0.6557142857142858,0.611246613265189,
wisconsin,GINDR-GIN,0.48584615384615387,0.46120483131912116,0.65,0.6309737105000262,0.675,0.6578138371290544,0.4855384615384616,0.459684218052021,0.64,0.6186205352618397,0.6599999999999999,0.6393249510207715,0.513846153846154,0.47328146313048663,0.6849999999999999,0.6582945496532452,0.695,0.6705978913026968,0.4986153846153846,0.46247381525902104,0.64,0.6178340878546829,0.675,0.6530976132495854,0.47446153846153843,0.4508268726775474,0.7,0.6782711206921732,0.74,0.7109038184038184,0.4936923076923076,0.4624565231370329,0.7249999999999999,0.7078115403986986,0.73,0.7074518239197872,0.4903076923076924,0.44662521933574284,0.66,0.6278196118018773,0.675,0.6470787306089163,0.4701538461538462,0.4433337627889352,0.635,0.609532255025676,0.6900000000000002,0.6648391174043347,0.48184615384615387,0.45309696198538296,0.6100000000000001,0.5909214645004118,0.68,0.6521733766749247,0.5024615384615385,0.46347010126072846,0.6900000000000001,0.6722250737402171,0.7049999999999998,0.6882842508368825,
CORA,GINDR-GIN,0.32533141998086645,0.2831433190374325,0.418768134493941,0.4053975583882603,0.43393710530807306,0.42231477163233955,0.33199535328686614,0.2921435168916499,0.4182923707117256,0.40626128755584834,0.4427782044717528,0.42848824291192555,0.3304961049610496,0.2878324718091211,0.4182667690732207,0.404698756685427,0.4547299027137737,0.4429993670516933,0.3338335383353834,0.2893122404317721,0.41136072708653354,0.39789150070354573,0.44598480969448717,0.43328071404105417,0.33307776411097445,0.29276239418506295,0.420568783068783,0.4066183578237027,0.44136584741423446,0.42735327487370006,0.3393480934809348,0.2960778419147874,0.4187489332650623,0.4043179941731572,0.45015147636115377,0.4341503562056837,0.3378912122454558,0.29655242804551296,0.422420634920635,0.40784356550853146,0.4381549752517494,0.42497957572580713,0.33604346043460437,0.29563202801878535,0.41362433862433867,0.40194956761626,0.44599121010411336,0.43210852700660496,0.3327073937406041,0.28848558943605107,0.42566350913125106,0.4136493419999899,0.4556942310974569,0.4431045070996452,0.3290392237255706,0.28115131727493314,0.41597968936678614,0.4028418346763716,0.4400004266939751,0.4270297695071423,
actor,DR-GCN,0.3410526315789474,0.33864378075275225,0.22671052631578945,0.21186608624514097,0.33197368421052625,0.3260942572591317,0.3385526315789474,0.33607944031185416,0.22710526315789475,0.21183690281763173,0.3336842105263158,0.3292773475793021,0.33802631578947373,0.3360530842364146,0.22907894736842108,0.21306039399738363,0.32789473684210524,0.3243836632788487,0.3397368421052631,0.33660701868234116,0.225,0.21044139368865133,0.325921052631579,0.3222378505764549,0.34513157894736846,0.34251891278675134,0.22999999999999998,0.2142913858675401,0.32342105263157894,0.31895618230009537,0.33684210526315783,0.33415780989659444,0.23039473684210524,0.2140632472879867,0.3331578947368421,0.32826825559805617,0.3327631578947368,0.3301044733880722,0.23447368421052633,0.21801856626053273,0.33197368421052637,0.32536381312722457,0.34263157894736845,0.3405558057382742,0.22960526315789473,0.21170851671766874,0.3252631578947368,0.32114074831029404,0.3377631578947369,0.3356415513074861,0.22315789473684208,0.2083316506396285,0.3355263157894737,0.33143712793637714,0.3411842105263158,0.33947193782635054,0.2252631578947369,0.21023793525264706,0.33144736842105266,0.3258161487559778,
cornell,GINDR-GIN,0.4230994152046783,0.3722761603173502,0.8052380952380952,0.7818784121835869,0.7523809523809524,0.7212305893117481,0.42953216374269,0.3627711314873786,0.6552380952380952,0.6192539682539683,0.7042857142857143,0.670219140287694,0.4447368421052632,0.37991541004126816,0.7038095238095238,0.68151976346094,0.7038095238095239,0.6805201191587746,0.4669590643274855,0.3916920198226565,0.38,0.3572821268858421,0.4223809523809524,0.38204776647501104,0.4564327485380117,0.3852532452292178,0.6919047619047619,0.6542918628376391,0.6619047619047618,0.6282878274116663,0.4505847953216374,0.3814505036216549,0.7819047619047619,0.7518523514669025,0.7109523809523809,0.6881334077490645,0.43304093567251467,0.37511291636577676,0.6723809523809523,0.6265396684989787,0.6761904761904762,0.6497756810326469,0.44502923976608183,0.3831372178969433,0.7742857142857142,0.74674967530872,0.7514285714285714,0.7266035513620653,0.41637426900584795,0.36043139249088907,0.7666666666666665,0.7359807852965747,0.718095238095238,0.6864381062366467,0.4333333333333333,0.36963398787808954,0.7304761904761905,0.6961707864432324,0.6899999999999998,0.6464771312033585,
texas,GINhash-GCN,0.599122807017544,0.5566471046963037,0.7033333333333334,0.6656646880974612,0.6957142857142857,0.6651806196162675,0.5611111111111111,0.5408175632317508,0.6580952380952381,0.6298574622831589,0.6823809523809523,0.6452068453112239,0.5994152046783625,0.5756851367009755,0.6695238095238095,0.6331624649859944,0.7095238095238096,0.6680097816904539,0.5596491228070176,0.5287228712070549,0.6995238095238095,0.665849361967009,0.7166666666666667,0.6788502863133558,0.5719298245614034,0.5320298409307698,0.6880952380952381,0.6462838943944649,0.6838095238095239,0.6443866107846647,0.5608187134502924,0.5326631559812338,0.6642857142857144,0.6249484257040648,0.7195238095238096,0.6910080383030406,0.5336257309941521,0.4975543574571034,0.6271428571428571,0.5817120181405895,0.6747619047619049,0.6427893894399865,0.5874269005847953,0.5554448657703919,0.6628571428571429,0.6132139108454897,0.6361904761904763,0.5966610082629542,0.5883040935672514,0.5634737359428434,0.6633333333333333,0.619358248562583,0.6900000000000001,0.6423268465280849,0.5605263157894738,0.5310072656064715,0.7323809523809524,0.7010411696842479,0.7785714285714286,0.7402147970299231,
wisconsin,GINhash-GCN,0.53,0.4997390030259595,0.645,0.6142244685139422,0.6349999999999999,0.6029595233142144,0.5023076923076922,0.4735085444557109,0.65,0.6145329279274292,0.61,0.575546241168532,0.4943076923076924,0.4700403174969291,0.6900000000000001,0.6592395221102315,0.7100000000000001,0.6779474039817289,0.4946153846153846,0.4742071576732446,0.6699999999999999,0.64812476653781,0.655,0.6125661821524522,0.5096923076923078,0.4785010884193908,0.6799999999999999,0.6630283357946402,0.7,0.6685925559947299,0.4861538461538462,0.45312913904457386,0.655,0.6303251016717837,0.675,0.6459568467383113,0.518,0.48038779450538405,0.6500000000000001,0.6173822518061647,0.6499999999999999,0.6278445247861725,0.526,0.4921399125420451,0.6549999999999999,0.6244484200010516,0.6599999999999999,0.6175221532853111,0.4941538461538461,0.47345333675690593,0.665,0.6296762906855786,0.67,0.6430272309688785,0.4896923076923077,0.46268913630430875,0.655,0.6230861979363123,0.65,0.6268728064460329,
cornell,GINhash-GCN,0.46725146198830403,0.39263336932781,0.5919047619047618,0.5548000112325633,0.5866666666666667,0.5419446901567646,0.42397660818713445,0.3641801228783176,0.5114285714285715,0.4651845299523318,0.4833333333333334,0.4337127342164936,0.4175438596491228,0.35859403754140595,0.6061904761904762,0.550874686716792,0.6214285714285713,0.5556309196724942,0.4342105263157894,0.3855219751855907,0.7190476190476189,0.6858125121393588,0.6766666666666665,0.6385518207282913,0.4169590643274853,0.35652176171350797,0.6347619047619049,0.5957814283608182,0.67,0.6430725178960474,0.42894736842105263,0.37282243902381207,0.5938095238095238,0.5362276636332364,0.5933333333333334,0.5623122863180359,0.40584795321637424,0.3519287429241663,0.5790476190476191,0.5212701852670892,0.5747619047619048,0.5187417621788332,0.4391812865497077,0.38169601133674363,0.7033333333333334,0.6611118797332862,0.698095238095238,0.656859993120055,0.41725146198830404,0.35952877142350814,0.5457142857142857,0.49764651123607334,0.5804761904761905,0.5262662538699691,0.4233918128654971,0.367430429558576,0.6757142857142857,0.649833636378528,0.6695238095238094,0.6239952413714024,
CORA,DR-GCN,0.6890583572502391,0.6848937807381261,0.7156635233018995,0.7131682980928004,0.7647669810031433,0.7637140761243013,0.7009115757824246,0.6977963851235991,0.6717028836955037,0.6657081542011557,0.7415224818914855,0.7387706591877163,0.6957072570725709,0.6918945913085678,0.7075345086784203,0.7048542870686022,0.7429766297662976,0.7408552572987362,0.6953464534645347,0.6922967878210476,0.6905507721743883,0.6855784224561157,0.7448558152248189,0.7406448378213989,0.6960776274429411,0.6926101638186664,0.7548038813721469,0.7529424238475736,0.7806355063550635,0.7790349042272985,0.6968156348230148,0.6935987895076139,0.6946098127647944,0.691242870394243,0.7577367773677737,0.7558000012916748,0.696103594369277,0.6928740673363462,0.6790966242995763,0.6736492129149813,0.7418914855815226,0.7388434630774864,0.6890569905699057,0.6859005037453864,0.7009033757004237,0.6966740368199591,0.7606997403307367,0.7584476098326974,0.6920117534508677,0.68803315758277,0.6517684843515102,0.6449994673746439,0.7352316523165231,0.7309854210514161,0.7019953532868662,0.6991183678747037,0.7141861418614186,0.711294220664987,0.7806628399617328,0.7773502255133782,
texas,GINhash-GIN,0.554093567251462,0.5246056676605876,0.6976190476190477,0.6714476387046047,0.6747619047619049,0.6524130751715892,0.5385964912280703,0.5253724470009747,0.6466666666666666,0.6086299408652349,0.6695238095238095,0.6384333593086358,0.576608187134503,0.5427759671466765,0.6495238095238095,0.6119649122807018,0.608095238095238,0.5783653812402154,0.5666666666666667,0.538288111583306,0.6623809523809524,0.6162483215508426,0.6276190476190477,0.59847890267218,0.5821637426900585,0.5569678230490587,0.6557142857142857,0.6315734511528408,0.6971428571428572,0.671422203969307,0.5769005847953216,0.5393372759963149,0.7171428571428571,0.6905566554107022,0.6504761904761904,0.6189190869330189,0.5432748538011696,0.5215055558476611,0.6914285714285715,0.6636667555911253,0.6623809523809524,0.6355810101818506,0.5707602339181286,0.5430884479534365,0.6852380952380952,0.6619817400644468,0.6566666666666666,0.6296865782750347,0.5716374269005847,0.5400883521936153,0.6699999999999999,0.6407277577697746,0.6971428571428572,0.6768661242274687,0.5552631578947368,0.5244851974028175,0.739047619047619,0.7092704192788226,0.7323809523809525,0.697047668190083,
actor,DR-GIN,0.34263157894736845,0.3398154776837482,0.2511842105263158,0.2336949790767489,0.32473684210526316,0.3194522640890518,0.3375,0.335199327674899,0.2552631578947368,0.24009097750584535,0.3275,0.32347308012759146,0.3393421052631579,0.3372574997146601,0.255,0.24036625872192469,0.32052631578947366,0.3175724349697459,0.33460526315789474,0.33182706096043557,0.2532894736842105,0.23828962880126223,0.3272368421052631,0.32342194947722797,0.3352631578947368,0.3326185913542795,0.25171052631578944,0.23610663712153096,0.32894736842105265,0.3240191813466854,0.3428947368421053,0.340568975791822,0.2565789473684211,0.24212304609302904,0.3294736842105263,0.32460252783721294,0.33592105263157895,0.33385985814319985,0.26039473684210523,0.24273551053767864,0.3281578947368421,0.32422670346798343,0.35013157894736835,0.34908008888670605,0.2482894736842105,0.23199980122700747,0.32460526315789473,0.319607187964768,0.3419736842105263,0.3396961159403297,0.2576315789473685,0.24171892580119897,0.32447368421052636,0.32040202035201926,0.33289473684210524,0.3306147158552548,0.25263157894736843,0.23716137889613612,0.32592105263157894,0.32186317819837607,
wisconsin,GINhash-GIN,0.5056923076923077,0.4741129256518602,0.58,0.5512207130525207,0.63,0.6041642717970623,0.5143076923076922,0.48608695443389155,0.61,0.5757024244058838,0.6500000000000001,0.6269593875187496,0.49046153846153845,0.4647522162243215,0.62,0.6021487016595375,0.5799999999999998,0.5406651485769133,0.4976923076923077,0.4593710257819694,0.655,0.6231599501140489,0.6849999999999999,0.6646642255532417,0.5101538461538462,0.48208467214611145,0.6300000000000001,0.5989746520249615,0.63,0.6030087262089551,0.4823076923076924,0.4599918529881001,0.6449999999999999,0.6130664499497451,0.605,0.5781265300485249,0.5106153846153846,0.4815472003818024,0.62,0.5979822554638343,0.6399999999999999,0.6275644232452013,0.5055384615384616,0.47487076035076037,0.6499999999999998,0.6266214642845078,0.645,0.6290506248137827,0.49400000000000005,0.4681884694672506,0.6450000000000001,0.6124351467246203,0.63,0.5927994865546353,0.4861538461538462,0.4506288832240556,0.625,0.5994091080917706,0.6599999999999999,0.6297671748541314,
CORA,DR-GIN,0.6931160311603117,0.6892467952778583,0.7064138308049748,0.7022911626525186,0.7378146781467815,0.7349530682566016,0.7019953532868662,0.6989251507350225,0.7359778597785979,0.7317995440534576,0.7448243815771491,0.7415181557896873,0.6983244499111659,0.6951088434010902,0.7300451004510045,0.7258440961368697,0.7507434741014076,0.7480084418671533,0.7031037310373103,0.6996729718101233,0.7817507175071751,0.7794665944238239,0.7976288096214296,0.7952709559217059,0.7042052753860871,0.7007955383720821,0.7695735957359574,0.7675331048315114,0.7795421620882875,0.777972924662894,0.7056881235479022,0.7023070088752822,0.758130381303813,0.7555250850683907,0.7680975809758097,0.7650431457411617,0.6990241902419023,0.6961451787524281,0.7577654776547766,0.7551518648243756,0.7684570179035124,0.7652825055538153,0.6901722017220171,0.6871505354103252,0.7618094847615142,0.7602979162938538,0.7766010660106601,0.7744358498820143,0.6909484761514283,0.6871346291358298,0.7540467404674047,0.7521790565669673,0.7747546808801421,0.7723970913407581,0.7019994533278665,0.6986819584851321,0.727449774497745,0.7232457795357845,0.7595940959409594,0.7562407800406415,
cornell,GINhash-GIN,0.4342105263157895,0.3691527732374414,0.6404761904761904,0.6159031659447405,0.6842857142857143,0.6586115042508232,0.41198830409356724,0.3517090706564391,0.47523809523809524,0.4401985987377407,0.45476190476190476,0.4250485082922057,0.4347953216374269,0.36232403561350923,0.7404761904761903,0.7043527715179638,0.6847619047619048,0.6600919736315578,0.45029239766081874,0.38265696879580724,0.5647619047619047,0.538270923574108,0.5457142857142856,0.528762937653694,0.4128654970760234,0.3620718191038558,0.5114285714285713,0.4788050588656515,0.5247619047619048,0.47853976678390653,0.42251461988304095,0.3592446882721482,0.7247619047619047,0.7001532987463991,0.7171428571428572,0.6984403843408707,0.42865497076023396,0.36077078654881856,0.5585714285714286,0.5072528789293494,0.6071428571428571,0.5685585041033956,0.42865497076023384,0.37039675512215553,0.6619047619047619,0.634665163501298,0.6366666666666667,0.6019336892651797,0.4447368421052632,0.3875783386881785,0.5533333333333332,0.5222535470328482,0.5471428571428572,0.5075600275197799,0.4230994152046784,0.3616527002110526,0.6423809523809524,0.6111142234671647,0.6971428571428573,0.6672002766018689,
actor,hash-GIN,0.2769736842105263,0.26661664770708715,0.236578947368421,0.22298904999676497,0.2539473684210526,0.2442228426477806,0.28407894736842104,0.2725913269814786,0.22684210526315787,0.21423350957790427,0.2475,0.23743461984119557,0.28131578947368424,0.2695374030005257,0.2371052631578947,0.22297809534356658,0.2563157894736842,0.24596274692444237,0.2780263157894737,0.26719662656501947,0.2367105263157895,0.22158785952787818,0.24973684210526317,0.23961651093437225,0.27697368421052626,0.26575374685941433,0.24026315789473687,0.22663350525076043,0.2564473684210527,0.24602145280397317,0.27460526315789474,0.2630871447609132,0.2413157894736842,0.22684553746420605,0.25052631578947376,0.23883129530894082,0.28500000000000003,0.2739649741667783,0.23539473684210527,0.22171527229601398,0.2518421052631579,0.24231463336796413,0.28013157894736845,0.2693914373941221,0.24539473684210522,0.23275369546585303,0.26092105263157894,0.25014496527367147,0.2834210526315789,0.2716572689395591,0.23697368421052634,0.2227905711056856,0.2594736842105263,0.24910714460839928,0.27828947368421053,0.2687883970779812,0.23394736842105263,0.220373734780192,0.25513157894736843,0.2442430312721647,
chameleon,GINDR-GCN,0.6473162531880361,0.6476127729255807,0.7111451390139916,0.7103141529233871,0.7160691767249145,0.7167709493440134,0.6424820310688617,0.642305195881721,0.7314748093436618,0.7312470717400047,0.7237644868792409,0.7245505312168894,0.6350490764355824,0.6351141674319584,0.7314387797994356,0.7316514534189835,0.7347534978682521,0.7352207348924913,0.6381095911585131,0.6373928988974935,0.7160871914970276,0.7167222355007106,0.7171770852098722,0.7182385910281928,0.6398388592626942,0.6402361615741246,0.7287155467483336,0.728999995431987,0.7073410196361017,0.7083258904311454,0.640321895045985,0.6400783347682379,0.7111541464000481,0.7114471658994294,0.7166366420464783,0.7156764769360314,0.6434133240590463,0.6418025597414316,0.7281871134330151,0.7285622074362718,0.720482795892632,0.7209625073532226,0.6398504521214933,0.6398387722368619,0.706752537080406,0.7068220072360897,0.7155557557196901,0.7147476786670264,0.6411855630265089,0.6413522486492695,0.7160901939590465,0.7151024699349906,0.7150153125562962,0.7154006018207055,0.6411913594559084,0.6419923889406124,0.7188074220861107,0.718796239394745,0.7336606016933886,0.733111159630726,
actor,GINDR-GCN,0.24355263157894735,0.2080447774386028,0.2143092105263158,0.2031066310690473,0.2256578947368421,0.21304612138979748,0.2296052631578947,0.20160093457078615,0.22269736842105262,0.2121078000567221,0.22467105263157894,0.21321454709425977,0.22631578947368416,0.1956281282676895,0.22680921052631584,0.21430305288039478,0.22878289473684213,0.21691240257142658,0.23828947368421055,0.19960181895527565,0.228125,0.21774189850012599,0.23289473684210527,0.22133561282687725,0.23697368421052628,0.20404077469205434,0.23124999999999996,0.21780026732267538,0.2351973684210526,0.22520971040826998,0.24052631578947364,0.20433125214659711,0.2212171052631579,0.2093420210223887,0.22779605263157893,0.21445295654751853,0.2418421052631579,0.20408361962111982,0.22203947368421054,0.21017635716650687,0.2391447368421053,0.22639594598875717,0.23921052631578948,0.20388098704709695,0.23092105263157897,0.21916337160615118,0.22812500000000005,0.2151001407481755,0.23289473684210527,0.2038736896283387,0.2078947368421053,0.1967303359861094,0.228125,0.21667849803242656,0.2352631578947369,0.20007142561659558,0.23240131578947368,0.22007649938259566,0.22730263157894734,0.21553642881379437,
chameleon,GINDR-GIN,0.6464757709251102,0.6468225481558004,0.6984747492944215,0.6988716723603838,0.6951750435356994,0.6952266498364021,0.6328425689775099,0.6339126973212037,0.6897465922056086,0.6903719401744646,0.7018134870593887,0.70285938561394,0.6482185640312235,0.6476972470837298,0.7001291058668109,0.6996881946355915,0.7040142917192098,0.7047668353213211,0.6398968235566891,0.6398806790545891,0.7039932744850778,0.7057007522373386,0.6968774395003904,0.6974895633050904,0.6420917381559625,0.6420497085494172,0.6952140755419445,0.6959533132308441,0.7034558337837027,0.7044866218591822,0.642060823865832,0.6423618828990281,0.7072749654716868,0.7060228278834615,0.7095208070617908,0.7104125578507147,0.6442769920395703,0.6443944312628446,0.6902870353690027,0.6908793823435533,0.6990512220020417,0.699952469909272,0.6367880052554293,0.6365886151485612,0.6875668047799197,0.6876244250938012,0.7006965711883745,0.7013399218618817,0.6420840095834299,0.6415887131196123,0.6864318741367923,0.6874383140366199,0.6974118777397467,0.6976360733185148,0.649538217791174,0.6500385034708553,0.689179126884045,0.6888124966092473,0.7040293040293041,0.7043546799304428,
CiteSeer,DR-GIN,0.6759786895329063,0.6677018046542823,0.6922129961286587,0.6848242082292717,0.7105412641557218,0.7033257246274669,0.6786985780961684,0.6705066052083478,0.6329760483374941,0.6247785046517549,0.7012446181120879,0.6928861560985847,0.6729648323021817,0.6644656206243795,0.6005255255255256,0.591841838118897,0.6997331669018416,0.6924003163994386,0.6769031079272042,0.669143111490121,0.6381209522775788,0.6302958202685474,0.7027162704873547,0.6947897406186108,0.6849958392127067,0.6785306755809573,0.5978553855059879,0.5899396242570258,0.7027479286515431,0.6943070320803935,0.6759642172292775,0.6668691807328181,0.6651705922790259,0.6567593966635507,0.713567784652122,0.7049605127022747,0.6822813777633054,0.6730796044132699,0.665490791996816,0.6569285346377846,0.7051250045225947,0.6979803327642135,0.6787085278049133,0.6690465620134198,0.6158724990050292,0.6078879485108845,0.7054479177973154,0.6976892055605839,0.6774865226672456,0.6681193410219783,0.6726844314193711,0.6644449628705588,0.7102418683743984,0.7029898569671242,0.6828837874018597,0.6735068612732653,0.5927294764644163,0.5854906583975319,0.7096530265204963,0.7007737599109856,
actor,GINDR-GIN,0.2331578947368421,0.20980372842493508,0.23190789473684212,0.22525516840617063,0.24046052631578946,0.23445248452697962,0.22921052631578948,0.20652463213136246,0.24046052631578946,0.23195920603229073,0.23766447368421056,0.2288380056369635,0.22578947368421048,0.20214205451205486,0.24210526315789474,0.23292639333548495,0.23273026315789475,0.22237522903236845,0.23289473684210527,0.20965567989122907,0.23338815789473685,0.22435764218968032,0.240625,0.23197735606873698,0.22947368421052633,0.2041608785866123,0.2240131578947368,0.2160240162671573,0.2294407894736842,0.22175957015183495,0.2336842105263158,0.20791909836457564,0.23536184210526317,0.2275247690793975,0.24325657894736846,0.23292112792229883,0.22736842105263158,0.20352475254397243,0.2294407894736842,0.2214423110254491,0.23388157894736836,0.22673780149370532,0.22973684210526318,0.2062678626045392,0.24588815789473686,0.23713182326898266,0.2404605263157895,0.23143843601324057,0.23157894736842105,0.20681833099550434,0.2236842105263158,0.21687627394364287,0.23848684210526314,0.23004416711388434,0.22960526315789478,0.2034282862815195,0.23667763157894733,0.22838990058033884,0.225,0.21617183714462662,
actor,GINhash-GCN,0.244078947368421,0.202351855950078,0.22384868421052634,0.2112713304815515,0.22878289473684207,0.21640619749586096,0.24026315789473687,0.20968970024566352,0.2236842105263158,0.20963025931158893,0.2361842105263158,0.2214586266656767,0.22697368421052627,0.20297509206999503,0.2335526315789474,0.21968121807596774,0.22532894736842107,0.2133591083591405,0.2318421052631579,0.20776764496159586,0.21809210526315792,0.20553659036313338,0.22286184210526314,0.21020814835177076,0.23078947368421052,0.20118328509806105,0.22894736842105265,0.21372568544338982,0.21644736842105267,0.20225240299419847,0.23263157894736844,0.2065588257394549,0.23305921052631579,0.21833044046700273,0.22615131578947367,0.21342467819190286,0.23921052631578948,0.20780468349761327,0.22417763157894735,0.2117237125907206,0.23256578947368417,0.22008462870103562,0.24065789473684213,0.20586254593888142,0.21661184210526319,0.20398454644030362,0.2419407894736842,0.22690229516641763,0.23828947368421055,0.19833688112655853,0.228453947368421,0.21474517892972989,0.23059210526315793,0.21733740086843287,0.22907894736842102,0.19725777420602802,0.23190789473684212,0.21864256336361657,0.225,0.21217272794456146,
actor,GINhash-GIN,0.23236842105263156,0.19564001842557605,0.22351973684210527,0.21329940898145164,0.23026315789473686,0.2208442763993992,0.2373684210526316,0.2014974245279138,0.23059210526315788,0.21830658361638214,0.22434210526315793,0.21430440664484354,0.22855263157894737,0.1984640025426077,0.2276315789473684,0.2186235066294194,0.21875,0.20891711452574802,0.23644736842105263,0.20692062286386506,0.23651315789473681,0.22520824327977396,0.234703947368421,0.22386827511112659,0.2368421052631579,0.20212610643757367,0.22302631578947368,0.21344863186520788,0.22894736842105265,0.21901372390032306,0.23078947368421052,0.20637045899977463,0.22779605263157893,0.21709292170210243,0.2254934210526316,0.21375488556740185,0.24210526315789474,0.19813617272256182,0.23059210526315793,0.21982630054448898,0.23305921052631579,0.22185137511470304,0.24026315789473682,0.20257747089879619,0.2210526315789474,0.21040774023445602,0.22878289473684213,0.2192664788608345,0.23342105263157892,0.20088150881225464,0.22171052631578947,0.21124046914216765,0.2195723684210526,0.20994567143261872,0.23894736842105263,0.20210439442943554,0.22697368421052633,0.21679094629308474,0.22960526315789473,0.2185017823263371,
squirrel,hash-GCN,0.202079580688026,0.20177194296191642,0.6589100103351544,0.6585148668348229,0.610647792706334,0.6078205127073678,0.2070788424627196,0.2067813791857819,0.6585169053595157,0.6577200698094244,0.65275985530784,0.6515594381246503,0.2047752103942123,0.2044520557985106,0.6667924110438506,0.667716847101813,0.6666034253654216,0.6666731900295064,0.20130518234165065,0.2007260642270495,0.661025764063192,0.6615221580241892,0.6594917318765686,0.6591344205561059,0.20245681381957775,0.2017146762758936,0.6623726561346523,0.6620386756310117,0.6552591170825337,0.6546496811294373,0.2047696737044146,0.20432115827648692,0.6569858260741179,0.6566351050932896,0.6256489000442935,0.6244337028369044,0.19784881145725675,0.19676881435981175,0.6494906245386092,0.6500290576547085,0.6529536394507603,0.6530798227604913,0.19996198139672228,0.19998824374855145,0.665070869629411,0.665848056145092,0.6665986269009303,0.6666658363725539,0.20496493429794774,0.20418166925877043,0.654686992470102,0.6545794898263654,0.646415547024952,0.6451782395631288,0.19727041192972092,0.19718925061519163,0.6535364683301343,0.6542605525394932,0.643907057433929,0.6439873087590322,
squirrel,hash-GIN,0.20323084305329986,0.2024930547557684,0.5702724051380481,0.5720489330314392,0.5608618780451794,0.5617222165949397,0.19746087405876273,0.1974425307500751,0.5514380628967961,0.5524739686460557,0.5427897534327477,0.5434736236697274,0.20034290565480584,0.19989619054053054,0.5500808356710467,0.5512372424911554,0.5358604015945666,0.5366645862199803,0.1938107190314484,0.1937252999085597,0.5752716669127417,0.5755016677006953,0.563158127860623,0.5635369612718721,0.1974616122840691,0.19732094013494886,0.5520124021851469,0.5524932671884123,0.547975417097298,0.5476950367930319,0.20246604163590728,0.20200297447880972,0.5579687730695408,0.5595033813365489,0.5408544957921156,0.5413405479950009,0.19572936660268717,0.19518255083001265,0.5454780008858704,0.5462771662383434,0.5295153550863724,0.5295444061033442,0.19861324376199616,0.1981249908393941,0.56047910822383,0.5614733452220795,0.5535405285693192,0.5539840002478255,0.21053299867119443,0.20963169070227256,0.5285538166248339,0.5300431315748948,0.5248951720064964,0.5257273802754299,0.1907345341798317,0.19035774887242077,0.5610516019489149,0.5623836166380498,0.5397128303558246,0.5407772107920248,
CORA,GINDR-GCN,0.3323506901735684,0.28763262861331806,0.8384173920464244,0.8378331498291727,0.8453511691414917,0.8445907309635693,0.3375126417930846,0.2939207487816983,0.7940625533367468,0.7928178303443909,0.7857612220515446,0.7848945479055649,0.33197758644253106,0.28734937483243944,0.8217784604881379,0.8216591942847137,0.8180811571940605,0.8180434697066767,0.3312409457427908,0.28770875157538034,0.7529847243556921,0.7529541315131825,0.7548664447857996,0.7546963857761849,0.3349419160858275,0.2936623845781378,0.8134728622631847,0.813517285955242,0.8121010411332991,0.8123305531448649,0.33567035670356704,0.28942000758463826,0.8194977811913298,0.8191255452801413,0.819478579962451,0.8189259947741846,0.3382615826158261,0.2936356099754894,0.8342805939580135,0.8335708123754836,0.838863287250384,0.8386757158488969,0.3382574825748258,0.29122149996476615,0.33381336405529954,0.3160612211705459,0.37815113500597375,0.3607441373578206,0.34194888615552826,0.29830236369584795,0.8319337770950674,0.8320166916648706,0.829610428400751,0.8294392453755325,0.33086647533142,0.28351966779986304,0.829175200546168,0.8286102911237249,0.8245519713261649,0.823761426552122,
CiteSeer,GINDR-GCN,0.24466514707478565,0.221647715503277,0.730932668750528,0.7257630600990603,0.7264016783531864,0.7218898417233297,0.24617026665219433,0.22645419381152512,0.7313156486722424,0.7256431142536657,0.7264213905550393,0.7214755278164249,0.25159376243713594,0.2291155763682625,0.7324181239615893,0.7271418956063542,0.7309129565486752,0.7251340147259737,0.24918231484496545,0.2306638212030332,0.7373222381797189,0.7319269466539128,0.739194897355749,0.7355592224495558,0.2452711747892471,0.22516815782398975,0.7444552392216497,0.7386798351834463,0.7444707273802484,0.7387151514127583,0.2527895365244762,0.23063287114976797,0.7357903184928615,0.7315403185561268,0.730185013094534,0.7242367618677594,0.25488168891783347,0.23469643277465493,0.7346751710737519,0.7296629717244707,0.7328222240995748,0.7273670307424923,0.24436756033141577,0.22632598844443058,0.7320534482273099,0.7271532843880999,0.7350609670243025,0.7297414816533218,0.24525670248561812,0.22991024226074236,0.7331700036608375,0.7283715737030155,0.7373067500211201,0.7324836181497307,0.25397716994102537,0.23311143380296606,0.7331840838050182,0.7284422193732414,0.7256497986539383,0.7211596634094267,
squirrel,GINDR-GCN,0.5312442787538757,0.5307815377812346,0.6430288461538461,0.6418505733730199,0.648798076923077,0.6481973372703274,0.5412413258526503,0.5415547409325434,0.6161057692307692,0.6140488992261227,0.6396634615384615,0.6381570108066837,0.5241314779270633,0.524980412632907,0.634375,0.6333108261228239,0.6456730769230768,0.6446117289464519,0.5300959692898273,0.5307361724694654,0.6387019230769232,0.637195162540607,0.6514423076923077,0.6501229025723773,0.5529706186328067,0.5505946493173866,0.6548076923076924,0.6538953396468579,0.6617788461538462,0.6613344351701986,0.5348992322456814,0.5358154042350372,0.6213942307692307,0.6186863209004652,0.6350961538461537,0.6328986743217968,0.5466259412372656,0.5467040573565798,0.638701923076923,0.6374266439971009,0.653125,0.6521127531422298,0.5431669865642994,0.5440833972548348,0.6336538461538461,0.6318687188773395,0.6343749999999999,0.6326835478568105,0.5673925882179243,0.5675136936420873,0.651201923076923,0.6514149999779014,0.6605769230769231,0.6606437519775173,0.5543167724789606,0.554281294102676,0.6391826923076922,0.6381213441756854,0.6425480769230769,0.64135054584158,
chameleon,DR-GCN,0.5748705464100782,0.573937650974096,0.740026277146611,0.7402186807763752,0.7540826184403742,0.7536167455571836,0.590702527243218,0.5891952733358666,0.7553655614807944,0.7552860433088486,0.7536131076590153,0.7522549165890737,0.5775330396475772,0.5752235403271271,0.750117860731123,0.7492417401804297,0.7588917226988176,0.7595312474367659,0.5841100548728649,0.5813840032168249,0.7483267640466805,0.7479049054348933,0.7602075121725018,0.7599665800663493,0.5845737692248243,0.5829006596183863,0.7544709792101398,0.7537933957966473,0.7672714274673468,0.7669827160821866,0.5792294613184944,0.5779010754508724,0.7404455522065074,0.7401712700070835,0.7505506607929516,0.7506418962460846,0.5832676404668058,0.5827551468077846,0.7566890795270115,0.7567775983261743,0.7690161527165933,0.7688820832060258,0.5753342607620372,0.5724381092706761,0.7483673390524771,0.7488530452123141,0.7496618749516966,0.7489584054565778,0.5779098075585439,0.5756807946270263,0.7514297859185408,0.751179349541776,0.7615175052167864,0.7614304675487975,0.5761747430249633,0.5743152446230667,0.7611020944431564,0.7609075178313656,0.7659421129917304,0.7663213479354315,
chameleon,DR-GIN,0.5783947754849679,0.5772400119875818,0.6816291830898834,0.681305162928209,0.6956526779503827,0.6941581304013529,0.5893770770538681,0.587947165530393,0.6903914521987788,0.6893286665560618,0.6934577633511089,0.6928797285966365,0.5823402117628875,0.5801167227102051,0.6846742406677485,0.6841023137453075,0.6956410850915835,0.694970356221197,0.5841061905865987,0.5828673708343639,0.676748589535513,0.6750466021104595,0.6780721075817296,0.6769357848752349,0.5731007033001004,0.5716258727453938,0.6714854316407759,0.6715116187493597,0.6820194760027822,0.6818114245566786,0.5955348172192597,0.5934783189129554,0.6728611175515881,0.6730366476110654,0.678537754076822,0.6771996218464914,0.5809954401422058,0.5791467523072172,0.683377772625396,0.6832662782109221,0.6882448411778345,0.6872269121087454,0.5792990184712885,0.5780230137848517,0.6763235180462169,0.6761287848387006,0.6798284256897752,0.6786867060015304,0.5858547801221116,0.5845875049710684,0.6991730427390062,0.6986870081182028,0.7061905865986553,0.7057697463050382,0.5819170724167246,0.5806189697749131,0.6811364865909265,0.6802411036283214,0.6812079758868537,0.6788571897619573,
CiteSeer,GINDR-GIN,0.24587177538984767,0.22730366918077313,0.40849173495536595,0.40554905431973626,0.4107586381684548,0.4077151847502007,0.24466062447990158,0.22758566302521027,0.42202416152741407,0.4177085362729766,0.4310382698318831,0.4282134922268842,0.24166485762871304,0.2255004646726376,0.4032342091183014,0.4001129969341412,0.39683619160260203,0.39314953863971736,0.24946090668982235,0.2292090261897745,0.4246332122440933,0.4205622004759621,0.41975021824223474,0.4167623892685631,0.25397626542204854,0.23359538791093368,0.4130030131508547,0.4095622193076385,0.40886204274731774,0.4053225648910443,0.25127356271934587,0.22851710455314933,0.433659992678325,0.42796353921459646,0.4520725972233956,0.4492336085342056,0.24617207569014798,0.22353821772792384,0.43442032046408147,0.4311007154045411,0.4336740728225058,0.4295724734880061,0.25338471001121604,0.23179736045681093,0.40851989524372734,0.40524219034219,0.4182492748725747,0.41469458252172353,0.250669344042838,0.23187118611353155,0.40510546027991323,0.4003864232363603,0.4133719129283883,0.4105027133297961,0.24494283440066572,0.22430819706858368,0.40585452395032523,0.40312106059850794,0.40623468784320343,0.4029174745948567,
squirrel,GINDR-GIN,0.5435479108223829,0.5440149034894364,0.6180288461538461,0.6163705990489452,0.6293269230769231,0.6282092530650727,0.5300882179241105,0.53130642288804,0.6156249999999999,0.6141988180767834,0.6286057692307693,0.6279200990700345,0.5445131404104532,0.5445029688517994,0.6192307692307691,0.6180080927984312,0.6221153846153846,0.6204828605256938,0.5387420640779566,0.5368799286221876,0.6137019230769231,0.6119817418173709,0.6242788461538461,0.6233750789345386,0.5468152960283478,0.5457092301454773,0.6194711538461539,0.6183641819369798,0.6262019230769231,0.6251938659583681,0.542195482061125,0.5415588917343521,0.6088942307692309,0.6074579959036265,0.6358173076923078,0.6351954522738341,0.5400919090506423,0.5408753326961968,0.6146634615384615,0.6123675905697968,0.6295673076923076,0.6281802183702355,0.5402757271519267,0.5405687545452806,0.6161057692307692,0.6139929121550285,0.6271634615384615,0.6254420923617419,0.5406607116491954,0.5407145271112623,0.6240384615384615,0.6224349836363751,0.6329326923076923,0.6314174112191988,0.5277838476302967,0.5287134638898457,0.6247596153846154,0.6232284597541233,0.6211538461538462,0.6203148617474886,
CiteSeer,DR-GCN,0.6829118274901407,0.6736984107328038,0.5978436267592894,0.5879884166190568,0.7000090451897681,0.6915693479700484,0.6850175476681502,0.6764861378432305,0.5936303773653171,0.5846178054637938,0.7003382900973263,0.6920784420209838,0.6783910416440536,0.6695726093946195,0.6495251275371758,0.6400486456853174,0.7072370563334418,0.698070118995389,0.6774765729585006,0.6688626459068805,0.5882195448460509,0.5784918817778342,0.6921985238250298,0.6838951317183968,0.6786813922356092,0.6703149942767271,0.5626840696117805,0.5537565405269895,0.6943359021672275,0.6846814622192537,0.6813985672419407,0.6739063035213768,0.603252650240602,0.5941225571961122,0.6919325952458484,0.6825464004695692,0.6847054886211513,0.676119723451683,0.5683716849379501,0.558893589517718,0.7009370816599731,0.692228901337512,0.6795741524657188,0.670923641481851,0.5897174282716453,0.5812849010794773,0.6973443322840914,0.688561759145445,0.6810828901190347,0.673681969175076,0.5416114910090812,0.5332908897666495,0.6958129816563552,0.686076785929729,0.6786877238684468,0.670053423223011,0.4619713086580557,0.45149890121569414,0.6904238575925323,0.6803662130796897,
squirrel,DR-GCN,0.37454820611250556,0.37254141678640573,0.6837147497416212,0.6836553808410344,0.6977480437029381,0.6973062559594672,0.37069725380186036,0.3688854383158468,0.6914015207441311,0.691567756812697,0.6923671194448545,0.6921664929214446,0.3643595895467297,0.3613623205064541,0.6612232393326443,0.6612092854955868,0.6556407795659235,0.6554181038822546,0.37108039273586296,0.3697579054449009,0.6875616418130813,0.6878196439579252,0.6792949948324228,0.678735286250155,0.36896759190905065,0.3654791574100765,0.6923748708105714,0.6929114833859383,0.6956311826369408,0.6953198400780858,0.3829997785324081,0.38066783731922155,0.6852576406319209,0.6860344054459677,0.6925634873763473,0.6925835192329893,0.36781854421969584,0.36663637635214846,0.6741049018160343,0.6745598589711634,0.6862173335301934,0.6855312631654848,0.36896463900782517,0.36686711961195473,0.6731411486785767,0.6735030455976556,0.6787169644175403,0.6778134265708193,0.36934519415325556,0.3669081076756279,0.6779455189723904,0.6782607203091805,0.6883308725823121,0.6876651284343154,0.3770485752251587,0.3744798912039784,0.6869861951867711,0.6869937438504603,0.6777576406319208,0.6773738987312619,
CiteSeer,GINhash-GIN,0.25338923260610013,0.23132423859166015,0.5854735152487962,0.5748272081864056,0.5918644926924052,0.5830027497137241,0.250070552480191,0.23111794383335688,0.5445425361155699,0.5340665590820335,0.5561839993241531,0.5466260385537761,0.24344856905097872,0.2247743895338159,0.6373574385401707,0.629352768159648,0.6306186815352989,0.6226306449665157,0.24468866456818264,0.22752307843530115,0.6099250936329589,0.6019633370211598,0.6140576159499873,0.6067356083902464,0.2521916494808061,0.23358321965870066,0.5851313677452057,0.5772553166179639,0.585867759285855,0.5777248796301767,0.24856452838380552,0.22605087111027283,0.5986623863028357,0.5894015798661445,0.5952479513390218,0.5883323469236824,0.24526665219436303,0.22355921728290212,0.6069077187350398,0.5995564575062078,0.6046464475796232,0.597502802060933,0.24345851875972357,0.22279269425199627,0.5498127340823971,0.5395318928729129,0.5483047506406467,0.5361739016789625,0.2458762979847317,0.22708583948787503,0.5963814029455661,0.5882584408621072,0.6016389287826308,0.5941762694163072,0.25037899345128267,0.22740134616659818,0.753104671791839,0.7499503312074041,0.7493438652811804,0.7451564567834843,
squirrel,GINhash-GCN,0.5437346818248929,0.5430566571056165,0.6391826923076922,0.6381910169858693,0.640625,0.6398974310936665,0.5435390521187067,0.5426573610077332,0.6266826923076924,0.6247376548406554,0.639423076923077,0.6383035298877207,0.5531640336630741,0.5536741567986363,0.6365384615384615,0.635483044845801,0.6507211538461537,0.649660537708758,0.5518171415916138,0.5511275781888528,0.6350961538461538,0.6334431796783716,0.6435096153846154,0.6431211232104983,0.5445116639598406,0.5436722753190593,0.6401442307692308,0.6395693009403568,0.6504807692307694,0.6494277662705198,0.5441226192233869,0.5431400006295407,0.6420673076923077,0.6413629238954911,0.6490384615384616,0.6486012041686269,0.5377794182784585,0.5378841738205973,0.6403846153846154,0.6382691807175365,0.6425480769230769,0.6416270415572509,0.5366322161523697,0.5377751656214856,0.641826923076923,0.6415893438521851,0.6487980769230769,0.6492521906363449,0.5398999704709878,0.5390507390143896,0.6329326923076921,0.6316479816212567,0.64375,0.6432766375707013,0.5510475417097298,0.551498550625452,0.64375,0.6424334315657726,0.6552884615384615,0.6555651148670055,
squirrel,GINhash-GIN,0.5648907426546581,0.5645363174503906,0.5802884615384615,0.578851638854079,0.6139423076923076,0.6131653351124481,0.5591215118854275,0.559210542706466,0.6100961538461538,0.6084590060051894,0.6237980769230769,0.6230031741954948,0.5631625572124612,0.5642579633660072,0.6103365384615385,0.609111120294359,0.6276442307692308,0.6266786286961777,0.5595076037206554,0.5595871583705458,0.590625,0.5892049871549699,0.6100961538461538,0.6093785611398573,0.5658478517643586,0.5659174710397078,0.6021634615384615,0.600648285808481,0.6252403846153844,0.6239780195008078,0.5646976967370442,0.564945096191724,0.5944711538461539,0.5937038511368012,0.6120192307692308,0.610900017942414,0.5643171415916138,0.5648985011787157,0.5963942307692307,0.5945071152649156,0.6192307692307693,0.6187485203941889,0.5650786209951277,0.5639301070065883,0.6014423076923076,0.6000739624380217,0.616826923076923,0.6157412296899393,0.5621976967370441,0.5605877996408629,0.5944711538461539,0.5936965411788563,0.6235576923076923,0.6226239673855682,0.5625874796988041,0.5633443744789668,0.5911057692307692,0.5900275354034527,0.6115384615384616,0.6103771585562636,
PubMed,GINDR-GCN,,,,,0.5795330210174298,0.5734136437542363,,,,,0.57325720733645,0.5669917131165159,,,,,0.5632407958831523,0.5552583212907652,,,,,0.5742103896876278,0.5679933813519791,,,,,0.5763648952423663,0.5692191136638846,,,,,0.5778860890831687,0.5711685319513811,,,,,0.5828310641003076,0.5760383156963247,,,,,0.5740830442040326,0.5676426423576265,,,,,0.5743982935946306,0.5677912469909285,,,,,0.5754129586185447,0.5703503974417121,
PubMed,GINDR-GIN,,,,,0.548594940096588,0.54246582219318,,,,,0.5590570406500929,0.5531804118185828,,,,,0.5577247151503755,0.5523058553083355,,,,,0.5538574148505168,0.5478893565346994,,,,,0.5544283598271413,0.5484889788622522,,,,,0.549293230556808,0.5416078171032663,,,,,0.553603768686915,0.5465798519511623,,,,,0.5570275096784979,0.5508679467216578,,,,,0.5498644166419531,0.5429428968074885,,,,,0.554491409705261,0.5483388699809355,
PubMed,DR-GCN,,,,,0.8524620177152895,0.8523444470911384,,,,,0.851346399054032,0.8512424995487169,,,,,0.8522086738437566,0.8521009924403472,,,,,0.8505366351652717,0.8504238560469861,,,,,0.8530709229054556,0.8529844494769685,,,,,0.8520066316559689,0.8519084550027032,,,,,0.855759836081601,0.8556791515365034,,,,,0.8507380856084626,0.8506426005055028,,,,,0.8533745907957473,0.8532755578220721,,,,,0.8468326227252566,0.8467253994418525,
PubMed,DR-GIN,,,,,0.8506364084499071,0.8505303736773874,,,,,0.8502311920411897,0.8501138795667484,,,,,0.8500778530065256,0.8499899875934727,,,,,0.8505858528789145,0.8504956923706934,,,,,0.8512964866836885,0.8511961516570447,,,,,0.8523625274389396,0.852279795045197,,,,,0.8532219978738359,0.853105401587775,,,,,0.8510427826197923,0.8508811093902917,,,,,0.8497232693528783,0.8496410830280372,,,,,0.8505352715798964,0.8504151840458251,